time,entry_label,hold_label,exit_label,future_best_net_roi,ambiguous
2020-01-01 09:30:00,2,0,2,0.11968031803178114,0
2020-01-01 10:30:00,2,0,2,0.33360971719078863,0
2020-01-01 11:30:00,2,1,2,0.33360971719078863,0
2020-01-01 12:30:00,1,0,1,0.33360971719078863,0
2020-01-01 13:30:00,2,2,1,0.33360971719078863,0
2020-01-01 14:30:00,2,2,0,0.33360971719078863,0
2020-01-01 15:30:00,0,2,0,0.33360971719078863,0
2020-01-01 16:30:00,1,2,2,0.33360971719078863,0
2020-01-01 17:30:00,1,2,2,0.33360971719078863,0
2020-01-01 18:30:00,1,0,2,0.33360971719078863,0
2020-01-01 19:30:00,1,1,2,0.33360971719078863,0
2020-01-01 20:30:00,1,1,0,0.2530490988914629,0
2020-01-01 21:30:00,2,1,1,0.2530490988914629,0
2020-01-01 22:30:00,2,1,1,0.2530490988914629,0
2020-01-01 23:30:00,2,0,1,0.2530490988914629,0
2020-01-02 00:30:00,-100,-100,-100,0.2530490988914629,1
2020-01-02 01:30:00,-100,-100,-100,0.06116966453541474,1
2020-01-02 02:30:00,-100,-100,-100,0.06116966453541474,1
2020-01-02 03:30:00,-100,-100,-100,0.06116966453541474,1
2020-01-02 04:30:00,-100,-100,-100,0.08240334460228471,1
2020-01-02 05:30:00,2,2,2,0.08240334460228471,0
2020-01-02 06:30:00,1,0,2,0.08240334460228471,0
2020-01-02 07:30:00,1,0,2,0.08240334460228471,0
2020-01-02 08:30:00,1,2,1,0.2961808824370431,0
2020-01-02 09:30:00,2,2,2,0.2961808824370431,0
2020-01-02 10:30:00,1,0,2,0.2961808824370431,0
2020-01-02 11:30:00,1,1,2,0.2961808824370431,0
2020-01-02 12:30:00,1,1,0,0.2961808824370431,0
2020-01-02 13:30:00,2,1,1,0.2961808824370431,0
2020-01-02 14:30:00,2,1,1,0.2961808824370431,0
2020-01-02 15:30:00,2,0,1,0.2961808824370431,0
2020-01-02 16:30:00,-100,-100,-100,0.2961808824370431,1
2020-01-02 17:30:00,-100,-100,-100,0.12308783197843276,1
2020-01-02 18:30:00,-100,-100,-100,0.12578771511798248,1
2020-01-02 19:30:00,-100,-100,-100,0.12578771511798248,1
2020-01-02 20:30:00,-100,-100,-100,0.12578771511798248,1
2020-01-02 21:30:00,-100,-100,-100,0.13841654742065934,1
2020-01-02 22:30:00,2,2,2,0.13841654742065934,0
2020-01-02 23:30:00,1,0,2,0.13841654742065934,0
2020-01-03 00:30:00,1,1,2,0.13841654742065934,0
2020-01-03 01:30:00,1,1,1,0.24808411832669286,0
2020-01-03 02:30:00,2,0,1,0.24808411832669286,0
2020-01-03 03:30:00,2,0,1,0.24808411832669286,0
2020-01-03 04:30:00,2,1,2,0.24808411832669286,0
2020-01-03 05:30:00,1,1,0,0.24808411832669286,0
2020-01-03 06:30:00,0,1,0,0.24808411832669286,0
2020-01-03 07:30:00,0,1,0,0.24808411832669286,0
2020-01-03 08:30:00,0,1,0,0.24808411832669286,0
2020-01-03 09:30:00,0,1,0,0.24808411832669286,0
2020-01-03 10:30:00,2,1,1,0.24808411832669286,0
2020-01-03 11:30:00,2,1,1,0.24808411832669286,0
2020-01-03 12:30:00,2,0,1,0.24808411832669286,0
2020-01-03 13:30:00,2,2,1,0.24808411832669286,0
2020-01-03 14:30:00,2,2,0,0.2345725313448792,0
2020-01-03 15:30:00,1,2,2,0.2345725313448792,0
2020-01-03 16:30:00,1,2,2,0.2345725313448792,0
2020-01-03 17:30:00,-100,-100,-100,0.2345725313448792,1
2020-01-03 18:30:00,-100,-100,-100,0.2345725313448792,1
2020-01-03 19:30:00,-100,-100,-100,0.1442032412155818,1
2020-01-03 20:30:00,-100,-100,-100,0.16292455893435243,1
2020-01-03 21:30:00,1,2,1,0.16292455893435243,0
2020-01-03 22:30:00,2,0,2,0.16292455893435243,0
2020-01-03 23:30:00,1,1,2,0.16292455893435243,0
2020-01-04 00:30:00,1,1,1,0.16292455893435243,0
2020-01-04 01:30:00,2,1,1,0.16292455893435243,0
2020-01-04 02:30:00,-100,-100,-100,0.16292455893435243,1
2020-01-04 03:30:00,-100,-100,-100,0.2648144940073953,1
2020-01-04 04:30:00,-100,-100,-100,0.2648144940073953,1
2020-01-04 05:30:00,-100,-100,-100,0.2648144940073953,1
2020-01-04 06:30:00,1,2,1,0.2648144940073953,0
2020-01-04 07:30:00,2,2,2,0.2648144940073953,0
2020-01-04 08:30:00,1,2,2,0.2648144940073953,0
2020-01-04 09:30:00,1,0,2,0.2648144940073953,0
2020-01-04 10:30:00,1,1,2,0.2648144940073953,0
2020-01-04 11:30:00,1,1,1,0.09011706959993582,0
2020-01-04 12:30:00,1,0,1,0.09011706959993582,0
2020-01-04 13:30:00,1,0,1,0.09011706959993582,0
2020-01-04 14:30:00,1,1,0,0.05805580780443621,0
2020-01-04 15:30:00,1,1,1,0.19227797347897635,0
2020-01-04 16:30:00,2,1,1,0.19227797347897635,0
2020-01-04 17:30:00,2,0,1,0.19227797347897635,0
2020-01-04 18:30:00,2,2,1,0.19227797347897635,0
2020-01-04 19:30:00,2,2,2,0.19227797347897635,0
2020-01-04 20:30:00,1,2,2,0.19227797347897635,0
2020-01-04 21:30:00,1,0,2,0.19227797347897635,0
2020-01-04 22:30:00,1,1,2,0.19227797347897635,0
2020-01-04 23:30:00,1,1,0,0.11386393416233975,0
2020-01-05 00:30:00,0,1,0,0.11386393416233975,0
2020-01-05 01:30:00,2,1,1,0.4773946836297221,0
2020-01-05 02:30:00,2,1,1,0.4773946836297221,0
2020-01-05 03:30:00,2,0,1,0.4773946836297221,0
2020-01-05 04:30:00,2,2,1,0.4773946836297221,0
2020-01-05 05:30:00,2,2,0,0.4773946836297221,0
2020-01-05 06:30:00,0,2,0,0.4773946836297221,0
2020-01-05 07:30:00,0,2,0,0.4773946836297221,0
2020-01-05 08:30:00,0,2,2,0.4773946836297221,0
2020-01-05 09:30:00,2,2,2,0.4773946836297221,0
2020-01-05 10:30:00,2,0,2,0.4773946836297221,0
2020-01-05 11:30:00,-100,-100,-100,0.4773946836297221,1
2020-01-05 12:30:00,-100,-100,-100,0.09023511967645881,1
2020-01-05 13:30:00,-100,-100,-100,0.09023511967645881,1
2020-01-05 14:30:00,-100,-100,-100,0.18315011633474754,1
2020-01-05 15:30:00,1,0,1,0.18315011633474754,0
2020-01-05 16:30:00,1,0,1,0.18315011633474754,0
2020-01-05 17:30:00,1,2,1,0.18315011633474754,0
2020-01-05 18:30:00,2,2,2,0.18315011633474754,0
2020-01-05 19:30:00,1,2,2,0.18315011633474754,0
2020-01-05 20:30:00,1,0,2,0.18315011633474754,0
2020-01-05 21:30:00,1,0,2,0.18315011633474754,0
2020-01-05 22:30:00,1,0,1,0.19115141787265522,0
2020-01-05 23:30:00,2,1,2,0.19115141787265522,0
2020-01-06 00:30:00,1,0,1,0.19115141787265522,0
2020-01-06 01:30:00,2,2,1,0.19115141787265522,0
2020-01-06 02:30:00,2,2,2,0.19115141787265522,0
2020-01-06 03:30:00,1,2,2,0.19115141787265522,0
2020-01-06 04:30:00,1,0,2,0.19115141787265522,0
2020-01-06 05:30:00,1,1,2,0.19115141787265522,0
2020-01-06 06:30:00,1,1,1,0.13796426236175652,0
2020-01-06 07:30:00,2,0,1,0.349182358083902,0
2020-01-06 08:30:00,2,2,1,0.349182358083902,0
2020-01-06 09:30:00,2,0,2,0.349182358083902,0
2020-01-06 10:30:00,1,1,2,0.349182358083902,0
2020-01-06 11:30:00,1,1,0,0.349182358083902,0
2020-01-06 12:30:00,0,1,0,0.349182358083902,0
2020-01-06 13:30:00,-100,-100,-100,0.35827186059983523,1
2020-01-06 14:30:00,-100,-100,-100,0.35827186059983523,1
2020-01-06 15:30:00,-100,-100,-100,0.35827186059983523,1
2020-01-06 16:30:00,-100,-100,-100,0.35827186059983523,1
2020-01-06 17:30:00,2,2,0,0.35827186059983523,0
2020-01-06 18:30:00,1,2,2,0.35827186059983523,0
2020-01-06 19:30:00,1,2,2,0.35827186059983523,0
2020-01-06 20:30:00,1,0,2,0.35827186059983523,0
2020-01-06 21:30:00,1,0,2,0.35827186059983523,0
2020-01-06 22:30:00,1,2,1,0.5247409667189533,0
2020-01-06 23:30:00,2,2,2,0.5247409667189533,0
2020-01-07 00:30:00,1,0,2,0.5247409667189533,0
2020-01-07 01:30:00,1,1,2,0.5247409667189533,0
2020-01-07 02:30:00,1,1,0,0.5247409667189533,0
2020-01-07 03:30:00,2,1,1,0.5247409667189533,0
2020-01-07 04:30:00,2,1,1,0.5247409667189533,0
2020-01-07 05:30:00,2,0,1,0.5247409667189533,0
2020-01-07 06:30:00,2,2,1,0.5247409667189533,0
2020-01-07 07:30:00,2,0,2,0.24102414435912145,0
2020-01-07 08:30:00,2,0,2,0.24102414435912145,0
2020-01-07 09:30:00,2,2,0,0.14828524037092272,0
2020-01-07 10:30:00,2,2,2,0.14828524037092272,0
2020-01-07 11:30:00,1,2,2,0.14828524037092272,0
2020-01-07 12:30:00,1,0,2,0.26927413639026554,0
2020-01-07 13:30:00,1,1,2,0.26927413639026554,0
2020-01-07 14:30:00,1,0,1,0.26927413639026554,0
2020-01-07 15:30:00,2,2,1,0.26927413639026554,0
2020-01-07 16:30:00,2,2,0,0.26927413639026554,0
2020-01-07 17:30:00,1,2,2,0.26927413639026554,0
2020-01-07 18:30:00,1,2,2,0.26927413639026554,0
2020-01-07 19:30:00,1,0,2,0.26927413639026554,0
2020-01-07 20:30:00,1,1,2,0.26927413639026554,0
2020-01-07 21:30:00,1,1,1,0.2669732836626597,0
2020-01-07 22:30:00,2,0,1,0.2669732836626597,0
2020-01-07 23:30:00,2,2,1,0.2669732836626597,0
2020-01-08 00:30:00,2,2,2,0.2669732836626597,0
2020-01-08 01:30:00,1,2,2,0.2669732836626597,0
2020-01-08 02:30:00,-100,-100,-100,0.2669732836626597,1
2020-01-08 03:30:00,-100,-100,-100,0.2669732836626597,1
2020-01-08 04:30:00,-100,-100,-100,0.16248137492126435,1
2020-01-08 05:30:00,-100,-100,-100,0.0938240290813468,1
2020-01-08 06:30:00,-100,-100,-100,0.0938240290813468,1
2020-01-08 07:30:00,2,1,2,0.0938240290813468,0
2020-01-08 08:30:00,1,0,1,0.0938240290813468,0
2020-01-08 09:30:00,2,2,1,0.0938240290813468,0
2020-01-08 10:30:00,2,2,2,0.23292589783337636,0
2020-01-08 11:30:00,2,0,2,0.23292589783337636,0
2020-01-08 12:30:00,2,0,2,0.23292589783337636,0
2020-01-08 13:30:00,2,2,2,0.2872554514736807,0
2020-01-08 14:30:00,2,2,2,0.2872554514736807,0
2020-01-08 15:30:00,1,0,2,0.2872554514736807,0
2020-01-08 16:30:00,1,1,2,0.2872554514736807,0
2020-01-08 17:30:00,1,1,0,0.2872554514736807,0
2020-01-08 18:30:00,0,1,0,0.2872554514736807,0
2020-01-08 19:30:00,0,1,0,0.2872554514736807,0
2020-01-08 20:30:00,0,1,1,0.2872554514736807,0
2020-01-08 21:30:00,1,1,1,0.2872554514736807,0
2020-01-08 22:30:00,1,0,1,0.2872554514736807,0
2020-01-08 23:30:00,1,0,1,0.2872554514736807,0
2020-01-09 00:30:00,1,1,0,0.2541602092554056,0
2020-01-09 01:30:00,1,1,1,0.2541602092554056,0
2020-01-09 02:30:00,2,1,1,0.2541602092554056,0
2020-01-09 03:30:00,2,0,1,0.26340218952297256,0
2020-01-09 04:30:00,2,2,1,0.26340218952297256,0
2020-01-09 05:30:00,2,0,2,0.26340218952297256,0
2020-01-09 06:30:00,1,1,2,0.26340218952297256,0
2020-01-09 07:30:00,1,0,1,0.26340218952297256,0
2020-01-09 08:30:00,2,2,1,0.26340218952297256,0
2020-01-09 09:30:00,2,0,2,0.14819433039380314,0
2020-01-09 10:30:00,-100,-100,-100,0.14819433039380314,1
2020-01-09 11:30:00,-100,-100,-100,0.14819433039380314,1
2020-01-09 12:30:00,-100,-100,-100,0.14819433039380314,1
2020-01-09 13:30:00,-100,-100,-100,0.14819433039380314,1
2020-01-09 14:30:00,-100,-100,-100,0.1873193869583094,1
2020-01-09 15:30:00,2,2,2,0.1873193869583094,0
2020-01-09 16:30:00,1,0,2,0.1873193869583094,0
2020-01-09 17:30:00,1,1,2,0.1873193869583094,0
2020-01-09 18:30:00,1,1,1,0.42987949456945,0
2020-01-09 19:30:00,2,1,1,0.42987949456945,0
2020-01-09 20:30:00,2,0,1,0.42987949456945,0
2020-01-09 21:30:00,2,2,1,0.42987949456945,0
2020-01-09 22:30:00,2,2,0,0.42987949456945,0
2020-01-09 23:30:00,0,2,0,0.42987949456945,0
2020-01-10 00:30:00,1,2,2,0.42987949456945,0
2020-01-10 01:30:00,1,2,2,0.42987949456945,0
2020-01-10 02:30:00,1,0,2,0.42987949456945,0
2020-01-10 03:30:00,1,0,2,0.42987949456945,0
2020-01-10 04:30:00,1,2,1,0.15976215432897334,0
2020-01-10 05:30:00,2,2,2,0.2240314461430586,0
2020-01-10 06:30:00,1,2,2,0.2240314461430586,0
2020-01-10 07:30:00,1,0,2,0.2240314461430586,0
2020-01-10 08:30:00,1,1,2,0.2240314461430586,0
2020-01-10 09:30:00,1,1,1,0.2240314461430586,0
2020-01-10 10:30:00,2,0,1,0.2240314461430586,0
2020-01-10 11:30:00,2,2,1,0.2240314461430586,0
2020-01-10 12:30:00,2,2,2,0.07292222221562385,0
2020-01-10 13:30:00,2,0,2,0.0740044657637622,0
2020-01-10 14:30:00,2,0,2,0.37518316276527847,0
2020-01-10 15:30:00,2,0,2,0.37518316276527847,0
2020-01-10 16:30:00,2,0,2,0.37518316276527847,0
2020-01-10 17:30:00,2,1,2,0.37518316276527847,0
2020-01-10 18:30:00,1,1,1,0.37518316276527847,0
2020-01-10 19:30:00,2,1,1,0.37518316276527847,0
2020-01-10 20:30:00,2,0,1,0.37518316276527847,0
2020-01-10 21:30:00,2,2,1,0.37518316276527847,0
2020-01-10 22:30:00,2,2,2,0.2475068347715208,0
2020-01-10 23:30:00,1,2,2,0.2475068347715208,0
2020-01-11 00:30:00,1,0,2,0.7925329209597569,0
2020-01-11 01:30:00,1,1,2,0.7925329209597569,0
2020-01-11 02:30:00,1,0,1,0.7925329209597569,0
2020-01-11 03:30:00,2,2,1,0.7925329209597569,0
2020-01-11 04:30:00,2,2,0,0.7925329209597569,0
2020-01-11 05:30:00,0,2,0,0.7925329209597569,0
2020-01-11 06:30:00,0,2,0,0.7925329209597569,0
2020-01-11 07:30:00,0,2,0,0.7925329209597569,0
2020-01-11 08:30:00,0,2,0,0.7925329209597569,0
2020-01-11 09:30:00,0,2,0,0.7925329209597569,0
2020-01-11 10:30:00,1,2,2,0.7925329209597569,0
2020-01-11 11:30:00,1,2,2,0.7925329209597569,0
2020-01-11 12:30:00,1,0,2,0.7925329209597569,0
2020-01-11 13:30:00,1,0,2,0.7925329209597569,0
2020-01-11 14:30:00,1,2,1,0.38883557943607366,0
2020-01-11 15:30:00,2,0,2,0.38883557943607366,0
2020-01-11 16:30:00,1,1,2,0.38883557943607366,0
2020-01-11 17:30:00,1,0,1,0.38883557943607366,0
2020-01-11 18:30:00,2,2,1,0.38883557943607366,0
2020-01-11 19:30:00,2,0,2,0.15835975346947073,0
2020-01-11 20:30:00,1,1,2,0.15835975346947073,0
2020-01-11 21:30:00,-100,-100,-100,0.15835975346947073,1
2020-01-11 22:30:00,-100,-100,-100,0.15835975346947073,1
2020-01-11 23:30:00,-100,-100,-100,0.18552967911357232,1
2020-01-12 00:30:00,-100,-100,-100,0.18552967911357232,1
2020-01-12 01:30:00,1,0,1,0.18552967911357232,0
2020-01-12 02:30:00,2,2,1,0.18552967911357232,0
2020-01-12 03:30:00,2,2,0,0.18552967911357232,0
2020-01-12 04:30:00,0,2,2,0.18552967911357232,0
2020-01-12 05:30:00,2,2,2,0.18552967911357232,0
2020-01-12 06:30:00,2,0,2,0.18552967911357232,0
2020-01-12 07:30:00,2,0,2,0.18552967911357232,0
2020-01-12 08:30:00,2,0,2,0.1566876027631663,0
2020-01-12 09:30:00,2,1,2,0.1566876027631663,0
2020-01-12 10:30:00,1,1,0,0.1566876027631663,0
2020-01-12 11:30:00,0,1,0,0.1566876027631663,0
2020-01-12 12:30:00,2,1,1,0.1566876027631663,0
2020-01-12 13:30:00,2,1,1,0.34276026253366615,0
2020-01-12 14:30:00,2,0,1,0.34276026253366615,0
2020-01-12 15:30:00,2,0,1,0.34276026253366615,0
2020-01-12 16:30:00,2,1,2,0.34276026253366615,0
2020-01-12 17:30:00,1,1,0,0.34276026253366615,0
2020-01-12 18:30:00,2,1,1,0.34276026253366615,0
2020-01-12 19:30:00,2,1,1,0.34276026253366615,0
2020-01-12 20:30:00,-100,-100,-100,0.34276026253366615,1
2020-01-12 21:30:00,-100,-100,-100,0.34276026253366615,1
2020-01-12 22:30:00,-100,-100,-100,0.14481716253139698,1
2020-01-12 23:30:00,-100,-100,-100,0.14481716253139698,1
2020-01-13 00:30:00,1,1,1,0.14481716253139698,0
2020-01-13 01:30:00,2,0,1,0.14481716253139698,0
2020-01-13 02:30:00,2,0,1,0.14481716253139698,0
2020-01-13 03:30:00,2,1,2,0.128950053171633,0
2020-01-13 04:30:00,1,0,1,0.11554714310118275,0
2020-01-13 05:30:00,2,2,1,0.11554714310118275,0
2020-01-13 06:30:00,2,0,2,0.11554714310118275,0
2020-01-13 07:30:00,2,0,2,0.11554714310118275,0
2020-01-13 08:30:00,2,0,0,0.03792840943285293,0
2020-01-13 09:30:00,2,2,2,0.11923424066648636,0
2020-01-13 10:30:00,2,2,2,0.11923424066648636,0
2020-01-13 11:30:00,1,0,2,0.21859885787078692,0
2020-01-13 12:30:00,1,1,2,0.21859885787078692,0
2020-01-13 13:30:00,1,0,1,0.21859885787078692,0
2020-01-13 14:30:00,2,2,1,0.21859885787078692,0
2020-01-13 15:30:00,2,0,2,0.21859885787078692,0
2020-01-13 16:30:00,2,0,2,0.21859885787078692,0
2020-01-13 17:30:00,-100,-100,-100,0.1633681324037477,1
2020-01-13 18:30:00,-100,-100,-100,0.1633681324037477,1
2020-01-13 19:30:00,-100,-100,-100,0.1633681324037477,1
2020-01-13 20:30:00,-100,-100,-100,0.1633681324037477,1
2020-01-13 21:30:00,1,0,1,0.15719234301456542,0
2020-01-13 22:30:00,2,0,1,0.15719234301456542,0
2020-01-13 23:30:00,2,0,2,0.1340026115967179,0
2020-01-14 00:30:00,1,2,1,0.1340026115967179,0
2020-01-14 01:30:00,2,2,2,0.6796912269644677,0
2020-01-14 02:30:00,1,2,2,0.6796912269644677,0
2020-01-14 03:30:00,1,0,2,0.6796912269644677,0
2020-01-14 04:30:00,1,1,2,0.6796912269644677,0
2020-01-14 05:30:00,1,1,0,0.6796912269644677,0
2020-01-14 06:30:00,0,1,0,0.6796912269644677,0
2020-01-14 07:30:00,0,1,0,0.6796912269644677,0
2020-01-14 08:30:00,0,1,0,0.6796912269644677,0
2020-01-14 09:30:00,2,1,1,0.6796912269644677,0
2020-01-14 10:30:00,2,1,1,0.6796912269644677,0
2020-01-14 11:30:00,2,0,1,0.6796912269644677,0
2020-01-14 12:30:00,-100,-100,-100,0.6796912269644677,1
2020-01-14 13:30:00,-100,-100,-100,0.08054954078341048,1
2020-01-14 14:30:00,-100,-100,-100,0.399042626544353,1
2020-01-14 15:30:00,-100,-100,-100,0.399042626544353,1
2020-01-14 16:30:00,1,0,1,0.399042626544353,0
2020-01-14 17:30:00,2,1,2,0.399042626544353,0
2020-01-14 18:30:00,1,1,0,0.399042626544353,0
2020-01-14 19:30:00,0,1,0,0.399042626544353,0
2020-01-14 20:30:00,2,1,1,0.399042626544353,0
2020-01-14 21:30:00,2,1,1,0.399042626544353,0
2020-01-14 22:30:00,2,0,1,0.399042626544353,0
2020-01-14 23:30:00,2,2,1,0.399042626544353,0
2020-01-15 00:30:00,2,2,2,0.25487288980431444,0
2020-01-15 01:30:00,1,2,2,0.25487288980431444,0
2020-01-15 02:30:00,1,0,2,0.27594503369797785,0
2020-01-15 03:30:00,1,1,2,0.27594503369797785,0
2020-01-15 04:30:00,1,0,1,0.27594503369797785,0
2020-01-15 05:30:00,2,2,1,0.27594503369797785,0
2020-01-15 06:30:00,2,2,0,0.27594503369797785,0
2020-01-15 07:30:00,1,2,2,0.27594503369797785,0
2020-01-15 08:30:00,1,2,2,0.27594503369797785,0
2020-01-15 09:30:00,1,0,2,0.27594503369797785,0
2020-01-15 10:30:00,1,1,2,0.27594503369797785,0
2020-01-15 11:30:00,-100,-100,-100,0.1811049637307276,1
2020-01-15 12:30:00,-100,-100,-100,0.1811049637307276,1
2020-01-15 13:30:00,-100,-100,-100,0.1811049637307276,1
2020-01-15 14:30:00,-100,-100,-100,0.1811049637307276,1
2020-01-15 15:30:00,1,1,1,0.2016253582735299,0
2020-01-15 16:30:00,2,1,1,0.2016253582735299,0
2020-01-15 17:30:00,2,0,1,0.2016253582735299,0
2020-01-15 18:30:00,2,2,1,0.2016253582735299,0
2020-01-15 19:30:00,-100,-100,-100,0.20552152159314652,1
2020-01-15 20:30:00,-100,-100,-100,0.20552152159314652,1
2020-01-15 21:30:00,1,0,1,0.20552152159314652,0
2020-01-15 22:30:00,2,1,2,0.20552152159314652,0
2020-01-15 23:30:00,1,1,1,0.20552152159314652,0
2020-01-16 00:30:00,2,0,1,0.20552152159314652,0
2020-01-16 01:30:00,2,0,1,0.20552152159314652,0
2020-01-16 02:30:00,2,1,2,0.19780826000293672,0
2020-01-16 03:30:00,1,1,0,0.19780826000293672,0
2020-01-16 04:30:00,2,1,1,0.19780826000293672,0
2020-01-16 05:30:00,2,1,1,0.19780826000293672,0
2020-01-16 06:30:00,2,0,1,0.19780826000293672,0
2020-01-16 07:30:00,2,2,1,0.19780826000293672,0
2020-01-16 08:30:00,2,2,2,0.09621839723307257,0
2020-01-16 09:30:00,1,0,2,0.09621839723307257,0
2020-01-16 10:30:00,1,1,2,0.09621839723307257,0
2020-01-16 11:30:00,1,0,1,0.10409098343995105,0
2020-01-16 12:30:00,-100,-100,-100,0.11097471127920411,1
2020-01-16 13:30:00,-100,-100,-100,0.11097471127920411,1
2020-01-16 14:30:00,-100,-100,-100,0.5489954184589578,1
2020-01-16 15:30:00,-100,-100,-100,0.5489954184589578,1
2020-01-16 16:30:00,2,0,2,0.5489954184589578,0
2020-01-16 17:30:00,1,1,2,0.5489954184589578,0
2020-01-16 18:30:00,1,1,0,0.5489954184589578,0
2020-01-16 19:30:00,0,1,0,0.5489954184589578,0
2020-01-16 20:30:00,0,1,0,0.5489954184589578,0
2020-01-16 21:30:00,0,1,0,0.5489954184589578,0
2020-01-16 22:30:00,2,1,1,0.5489954184589578,0
2020-01-16 23:30:00,2,1,1,0.5489954184589578,0
2020-01-17 00:30:00,2,0,1,0.5489954184589578,0
2020-01-17 01:30:00,2,2,1,0.5489954184589578,0
2020-01-17 02:30:00,2,0,2,0.15971312219037515,0
2020-01-17 03:30:00,1,0,2,0.15971312219037515,0
2020-01-17 04:30:00,1,0,1,0.40612170855555624,0
2020-01-17 05:30:00,1,1,1,0.40612170855555624,0
2020-01-17 06:30:00,1,0,1,0.40612170855555624,0
2020-01-17 07:30:00,2,2,1,0.40612170855555624,0
2020-01-17 08:30:00,2,2,2,0.40612170855555624,0
2020-01-17 09:30:00,1,2,2,0.40612170855555624,0
2020-01-17 10:30:00,1,0,2,0.40612170855555624,0
2020-01-17 11:30:00,1,1,2,0.40612170855555624,0
2020-01-17 12:30:00,1,1,1,0.3208678160768113,0
2020-01-17 13:30:00,2,0,1,0.3208678160768113,0
2020-01-17 14:30:00,2,2,1,0.3208678160768113,0
2020-01-17 15:30:00,2,2,2,0.3208678160768113,0
2020-01-17 16:30:00,1,2,2,0.3208678160768113,0
2020-01-17 17:30:00,1,0,2,0.3208678160768113,0
2020-01-17 18:30:00,1,1,2,0.3208678160768113,0
2020-01-17 19:30:00,1,1,0,0.21336233874875976,0
2020-01-17 20:30:00,0,1,0,0.21336233874875976,0
2020-01-17 21:30:00,2,1,1,0.21336233874875976,0
2020-01-17 22:30:00,2,1,1,0.21336233874875976,0
2020-01-17 23:30:00,2,0,1,0.21336233874875976,0
2020-01-18 00:30:00,2,2,1,0.21336233874875976,0
2020-01-18 01:30:00,2,0,2,0.0661248803649599,0
2020-01-18 02:30:00,-100,-100,-100,0.0661248803649599,1
2020-01-18 03:30:00,1,0,1,0.0661248803649599,0
2020-01-18 04:30:00,1,0,1,0.0661248803649599,0
2020-01-18 05:30:00,1,1,0,0.06189249490528061,0
2020-01-18 06:30:00,1,1,1,0.6284629108433064,0
2020-01-18 07:30:00,2,1,1,0.6284629108433064,0
2020-01-18 08:30:00,2,0,1,0.6284629108433064,0
2020-01-18 09:30:00,2,2,1,0.6284629108433064,0
2020-01-18 10:30:00,2,2,0,0.6284629108433064,0
2020-01-18 11:30:00,1,2,2,0.6284629108433064,0
2020-01-18 12:30:00,1,2,2,0.6284629108433064,0
2020-01-18 13:30:00,1,0,2,0.6284629108433064,0
2020-01-18 14:30:00,1,0,2,0.6284629108433064,0
2020-01-18 15:30:00,1,0,1,0.3138329168522552,0
2020-01-18 16:30:00,1,1,0,0.3138329168522552,0
2020-01-18 17:30:00,1,1,0,0.3138329168522552,0
2020-01-18 18:30:00,0,1,0,0.3138329168522552,0
2020-01-18 19:30:00,2,1,1,0.327889128166941,0
2020-01-18 20:30:00,2,1,1,0.327889128166941,0
2020-01-18 21:30:00,2,0,1,0.327889128166941,0
2020-01-18 22:30:00,2,2,1,0.327889128166941,0
2020-01-18 23:30:00,2,2,0,0.327889128166941,0
2020-01-19 00:30:00,1,2,2,0.327889128166941,0
2020-01-19 01:30:00,1,2,2,0.327889128166941,0
2020-01-19 02:30:00,1,0,2,0.327889128166941,0
2020-01-19 03:30:00,1,1,2,0.327889128166941,0
2020-01-19 04:30:00,1,0,1,0.19275344197219368,0
2020-01-19 05:30:00,2,0,1,0.19275344197219368,0
2020-01-19 06:30:00,2,0,2,0.14691726242475323,0
2020-01-19 07:30:00,2,0,2,0.14691726242475323,0
2020-01-19 08:30:00,-100,-100,-100,0.14691726242475323,1
2020-01-19 09:30:00,2,2,2,0.22365360765061393,0
2020-01-19 10:30:00,2,0,2,0.22365360765061393,0
2020-01-19 11:30:00,1,0,2,0.22365360765061393,0
2020-01-19 12:30:00,1,2,1,0.22365360765061393,0
2020-01-19 13:30:00,2,2,2,0.22365360765061393,0
2020-01-19 14:30:00,1,2,2,0.22365360765061393,0
2020-01-19 15:30:00,1,0,2,0.22365360765061393,0
2020-01-19 16:30:00,1,1,2,0.22365360765061393,0
2020-01-19 17:30:00,1,1,0,0.17233621189627168,0
2020-01-19 18:30:00,2,1,1,0.17233621189627168,0
2020-01-19 19:30:00,2,1,1,0.17233621189627168,0
2020-01-19 20:30:00,2,0,1,0.17233621189627168,0
2020-01-19 21:30:00,2,2,1,0.17233621189627168,0
2020-01-19 22:30:00,2,0,2,0.5712336198938122,0
2020-01-19 23:30:00,1,0,2,0.5712336198938122,0
2020-01-20 00:30:00,1,0,1,0.5712336198938122,0
2020-01-20 01:30:00,1,1,0,0.5712336198938122,0
2020-01-20 02:30:00,1,1,0,0.5712336198938122,0
2020-01-20 03:30:00,0,1,0,0.5712336198938122,0
2020-01-20 04:30:00,0,1,0,0.5712336198938122,0
2020-01-20 05:30:00,0,1,0,0.5712336198938122,0
2020-01-20 06:30:00,0,1,0,0.5712336198938122,0
2020-01-20 07:30:00,2,1,1,0.5712336198938122,0
2020-01-20 08:30:00,2,1,1,0.5712336198938122,0
2020-01-20 09:30:00,2,0,1,0.5712336198938122,0
2020-01-20 10:30:00,2,0,1,0.5712336198938122,0
2020-01-20 11:30:00,2,1,2,0.5132212483683833,0
2020-01-20 12:30:00,1,1,1,0.5132212483683833,0
2020-01-20 13:30:00,2,0,1,0.5132212483683833,0
2020-01-20 14:30:00,2,2,1,0.5132212483683833,0
2020-01-20 15:30:00,2,2,0,0.5132212483683833,0
2020-01-20 16:30:00,0,2,0,0.5132212483683833,0
2020-01-20 17:30:00,1,2,2,0.5132212483683833,0
2020-01-20 18:30:00,1,2,2,0.5132212483683833,0
2020-01-20 19:30:00,1,0,2,0.5132212483683833,0
2020-01-20 20:30:00,1,1,2,0.5132212483683833,0
2020-01-20 21:30:00,1,0,1,0.23702370619090907,0
2020-01-20 22:30:00,2,0,1,0.23702370619090907,0
2020-01-20 23:30:00,-100,-100,-100,0.0633053038136815,1
2020-01-21 00:30:00,-100,-100,-100,0.05040886121287437,1
2020-01-21 01:30:00,-100,-100,-100,0.05040886121287437,1
2020-01-21 02:30:00,-100,-100,-100,0.07164953567827138,1
2020-01-21 03:30:00,-100,-100,-100,0.07811328462174406,1
2020-01-21 04:30:00,-100,-100,-100,0.3905225096115466,1
2020-01-21 05:30:00,-100,-100,-100,0.3905225096115466,1
2020-01-21 06:30:00,-100,-100,-100,0.3905225096115466,1
2020-01-21 07:30:00,2,1,2,0.3905225096115466,0
2020-01-21 08:30:00,1,1,0,0.3905225096115466,0
2020-01-21 09:30:00,0,1,0,0.3905225096115466,0
2020-01-21 10:30:00,2,1,1,0.3905225096115466,0
2020-01-21 11:30:00,2,1,1,0.3905225096115466,0
2020-01-21 12:30:00,2,0,1,0.3905225096115466,0
2020-01-21 13:30:00,2,2,1,0.3905225096115466,0
2020-01-21 14:30:00,2,2,2,0.06564452886977536,0
2020-01-21 15:30:00,2,0,2,0.16964796182032327,0
2020-01-21 16:30:00,2,0,2,0.16964796182032327,0
2020-01-21 17:30:00,2,0,2,0.16964796182032327,0
2020-01-21 18:30:00,2,1,2,0.16964796182032327,0
2020-01-21 19:30:00,1,1,0,0.16964796182032327,0
2020-01-21 20:30:00,0,1,1,0.16964796182032327,0
2020-01-21 21:30:00,1,1,1,0.16964796182032327,0
2020-01-21 22:30:00,1,0,1,0.44842307658185915,0
2020-01-21 23:30:00,1,0,1,0.44842307658185915,0
2020-01-22 00:30:00,1,0,1,0.44842307658185915,0
2020-01-22 01:30:00,1,2,1,0.44842307658185915,0
2020-01-22 02:30:00,2,2,2,0.44842307658185915,0
2020-01-22 03:30:00,1,2,2,0.44842307658185915,0
2020-01-22 04:30:00,1,0,2,0.46156839686279755,0
2020-01-22 05:30:00,1,1,2,0.46156839686279755,0
2020-01-22 06:30:00,1,0,1,0.46156839686279755,0
2020-01-22 07:30:00,2,2,1,0.46156839686279755,0
2020-01-22 08:30:00,2,2,2,0.46156839686279755,0
2020-01-22 09:30:00,1,2,2,0.46156839686279755,0
2020-01-22 10:30:00,1,0,2,0.46156839686279755,0
2020-01-22 11:30:00,1,1,2,0.46156839686279755,0
2020-01-22 12:30:00,1,0,1,0.22197535590394768,0
2020-01-22 13:30:00,2,0,1,0.22197535590394768,0
2020-01-22 14:30:00,-100,-100,-100,0.13829844892151932,1
2020-01-22 15:30:00,-100,-100,-100,0.13829844892151932,1
2020-01-22 16:30:00,-100,-100,-100,0.13829844892151932,1
2020-01-22 17:30:00,-100,-100,-100,0.13829844892151932,1
2020-01-22 18:30:00,1,1,0,0.13488351253363273,0
2020-01-22 19:30:00,2,1,1,0.13488351253363273,0
2020-01-22 20:30:00,2,1,1,0.19282486335870974,0
2020-01-22 21:30:00,2,0,1,0.19282486335870974,0
2020-01-22 22:30:00,-100,-100,-100,0.19282486335870974,1
2020-01-22 23:30:00,2,1,2,0.19282486335870974,0
2020-01-23 00:30:00,1,0,1,0.19402199459600578,0
2020-01-23 01:30:00,2,2,1,0.19402199459600578,0
2020-01-23 02:30:00,2,0,2,0.19402199459600578,0
2020-01-23 03:30:00,1,1,2,0.19402199459600578,0
2020-01-23 04:30:00,1,1,1,0.26258411645198976,0
2020-01-23 05:30:00,1,0,1,0.26258411645198976,0
2020-01-23 06:30:00,1,0,1,0.26258411645198976,0
2020-01-23 07:30:00,1,1,0,0.26258411645198976,0
2020-01-23 08:30:00,1,1,1,0.26258411645198976,0
2020-01-23 09:30:00,2,1,1,0.26258411645198976,0
2020-01-23 10:30:00,2,0,1,0.26258411645198976,0
2020-01-23 11:30:00,2,2,1,0.26258411645198976,0
2020-01-23 12:30:00,2,2,2,0.1261464356848423,0
2020-01-23 13:30:00,2,0,2,0.1261464356848423,0
2020-01-23 14:30:00,2,0,2,0.1261464356848423,0
2020-01-23 15:30:00,2,0,2,0.11165216090479646,0
2020-01-23 16:30:00,2,0,2,0.456747603774506,0
2020-01-23 17:30:00,1,0,1,0.456747603774506,0
2020-01-23 18:30:00,1,0,1,0.456747603774506,0
2020-01-23 19:30:00,1,2,1,0.456747603774506,0
2020-01-23 20:30:00,2,2,2,0.456747603774506,0
2020-01-23 21:30:00,2,2,2,0.456747603774506,0
2020-01-23 22:30:00,2,0,2,0.456747603774506,0
2020-01-23 23:30:00,2,0,2,0.456747603774506,0
2020-01-24 00:30:00,2,2,2,0.03320803780142702,0
2020-01-24 01:30:00,2,2,2,0.06814276012183919,0
2020-01-24 02:30:00,2,0,2,0.37133306059136834,0
2020-01-24 03:30:00,2,0,2,0.37133306059136834,0
2020-01-24 04:30:00,2,0,2,0.37133306059136834,0
2020-01-24 05:30:00,2,1,2,0.37133306059136834,0
2020-01-24 06:30:00,1,1,0,0.37133306059136834,0
2020-01-24 07:30:00,0,1,0,0.37133306059136834,0
2020-01-24 08:30:00,2,1,1,0.37133306059136834,0
2020-01-24 09:30:00,2,1,1,0.37133306059136834,0
2020-01-24 10:30:00,2,0,1,0.37133306059136834,0
2020-01-24 11:30:00,2,2,1,0.37133306059136834,0
2020-01-24 12:30:00,2,2,0,0.3493585790036962,0
2020-01-24 13:30:00,0,2,0,0.3493585790036962,0
2020-01-24 14:30:00,0,2,0,0.3493585790036962,0
2020-01-24 15:30:00,0,2,2,0.3493585790036962,0
2020-01-24 16:30:00,0,2,2,0.3493585790036962,0
2020-01-24 17:30:00,2,0,2,0.3493585790036962,0
2020-01-24 18:30:00,2,0,2,0.3493585790036962,0
2020-01-24 19:30:00,2,0,2,0.12086190102616623,0
2020-01-24 20:30:00,2,0,2,0.12086190102616623,0
2020-01-24 21:30:00,2,1,2,0.12086190102616623,0
2020-01-24 22:30:00,-100,-100,-100,0.12086190102616623,1
2020-01-24 23:30:00,-100,-100,-100,0.12086190102616623,1
2020-01-25 00:30:00,-100,-100,-100,0.11052886591697497,1
2020-01-25 01:30:00,-100,-100,-100,0.11052886591697497,1
2020-01-25 02:30:00,1,0,1,0.11052886591697497,0
2020-01-25 03:30:00,2,2,1,0.16610164733797994,0
2020-01-25 04:30:00,2,0,2,0.16610164733797994,0
2020-01-25 05:30:00,2,0,2,0.16610164733797994,0
2020-01-25 06:30:00,2,2,2,0.21072110284773338,0
2020-01-25 07:30:00,2,2,2,0.21072110284773338,0
2020-01-25 08:30:00,1,0,2,0.21072110284773338,0
2020-01-25 09:30:00,1,1,2,0.21072110284773338,0
2020-01-25 10:30:00,1,1,1,0.40285760795159936,0
2020-01-25 11:30:00,2,1,1,0.40285760795159936,0
2020-01-25 12:30:00,2,0,1,0.40285760795159936,0
2020-01-25 13:30:00,2,2,1,0.40285760795159936,0
2020-01-25 14:30:00,2,2,2,0.40285760795159936,0
2020-01-25 15:30:00,1,2,2,0.40285760795159936,0
2020-01-25 16:30:00,1,0,2,0.40285760795159936,0
2020-01-25 17:30:00,1,1,2,0.40285760795159936,0
2020-01-25 18:30:00,1,0,1,0.21428617935194172,0
2020-01-25 19:30:00,2,2,1,0.21428617935194172,0
2020-01-25 20:30:00,2,0,2,0.1545371900933583,0
2020-01-25 21:30:00,-100,-100,-100,0.15883857603926899,1
2020-01-25 22:30:00,1,0,1,0.15883857603926899,0
2020-01-25 23:30:00,2,0,1,0.31392928131674763,0
2020-01-26 00:30:00,2,1,2,0.31392928131674763,0
2020-01-26 01:30:00,1,0,1,0.31392928131674763,0
2020-01-26 02:30:00,2,2,1,0.31392928131674763,0
2020-01-26 03:30:00,2,2,2,0.31392928131674763,0
2020-01-26 04:30:00,1,2,2,0.31392928131674763,0
2020-01-26 05:30:00,1,0,2,0.31392928131674763,0
2020-01-26 06:30:00,1,1,2,0.31392928131674763,0
2020-01-26 07:30:00,1,0,1,0.13551141017752943,0
2020-01-26 08:30:00,2,0,1,0.13551141017752943,0
2020-01-26 09:30:00,-100,-100,-100,0.13551141017752943,1
2020-01-26 10:30:00,-100,-100,-100,0.09281613454686966,1
2020-01-26 11:30:00,-100,-100,-100,0.13359792826641392,1
2020-01-26 12:30:00,-100,-100,-100,0.13359792826641392,1
2020-01-26 13:30:00,2,0,2,0.13359792826641392,0
2020-01-26 14:30:00,-100,-100,-100,0.13359792826641392,1
2020-01-26 15:30:00,-100,-100,-100,0.13359792826641392,1
2020-01-26 16:30:00,-100,-100,-100,0.13359792826641392,1
2020-01-26 17:30:00,-100,-100,-100,0.13359792826641392,1
2020-01-26 18:30:00,2,0,2,0.12787419117193544,0
2020-01-26 19:30:00,2,0,2,0.10640295916050135,0
2020-01-26 20:30:00,2,0,2,0.16489556789830484,0
2020-01-26 21:30:00,2,0,2,0.16489556789830484,0
2020-01-26 22:30:00,2,0,2,0.16489556789830484,0
2020-01-26 23:30:00,2,2,2,0.16489556789830484,0
2020-01-27 00:30:00,2,0,2,0.16489556789830484,0
2020-01-27 01:30:00,1,1,2,0.16489556789830484,0
2020-01-27 02:30:00,1,0,1,0.10946433691191793,0
2020-01-27 03:30:00,2,0,1,0.10946433691191793,0
2020-01-27 04:30:00,2,0,2,0.10946433691191793,0
2020-01-27 05:30:00,1,2,1,0.10946433691191793,0
2020-01-27 06:30:00,2,2,2,0.04945068302356238,0
2020-01-27 07:30:00,2,2,2,0.06563264910236556,0
2020-01-27 08:30:00,2,0,2,0.06563264910236556,0
2020-01-27 09:30:00,2,0,2,0.10169889606449534,0
2020-01-27 10:30:00,2,2,2,0.2850040126220259,0
2020-01-27 11:30:00,2,0,2,0.2850040126220259,0
2020-01-27 12:30:00,1,0,2,0.34661905160376977,0
2020-01-27 13:30:00,1,2,1,0.34661905160376977,0
2020-01-27 14:30:00,-100,-100,-100,0.3538862358279076,1
2020-01-27 15:30:00,-100,-100,-100,0.3538862358279076,1
2020-01-27 16:30:00,-100,-100,-100,0.3538862358279076,1
2020-01-27 17:30:00,-100,-100,-100,0.3538862358279076,1
2020-01-27 18:30:00,2,2,0,0.3538862358279076,0
2020-01-27 19:30:00,0,2,0,0.3538862358279076,0
2020-01-27 20:30:00,1,2,2,0.3538862358279076,0
2020-01-27 21:30:00,1,2,2,0.3538862358279076,0
2020-01-27 22:30:00,1,0,2,0.3538862358279076,0
2020-01-27 23:30:00,1,1,2,0.3538862358279076,0
2020-01-28 00:30:00,1,0,1,0.23937488858712097,0
2020-01-28 01:30:00,2,0,1,0.23937488858712097,0
2020-01-28 02:30:00,2,1,2,0.23937488858712097,0
2020-01-28 03:30:00,1,1,1,0.23937488858712097,0
2020-01-28 04:30:00,1,0,1,0.23937488858712097,0
2020-01-28 05:30:00,1,0,1,0.23937488858712097,0
2020-01-28 06:30:00,1,0,1,0.15408714579871408,0
2020-01-28 07:30:00,1,0,1,0.15408714579871408,0
2020-01-28 08:30:00,1,2,1,0.2744584018349965,0
2020-01-28 09:30:00,2,2,2,0.2744584018349965,0
2020-01-28 10:30:00,1,0,2,0.2744584018349965,0
2020-01-28 11:30:00,1,1,2,0.2744584018349965,0
2020-01-28 12:30:00,1,1,1,0.2744584018349965,0
2020-01-28 13:30:00,2,0,1,0.2744584018349965,0
2020-01-28 14:30:00,-100,-100,-100,0.2744584018349965,1
2020-01-28 15:30:00,-100,-100,-100,0.10363320370787843,1
2020-01-28 16:30:00,-100,-100,-100,0.10363320370787843,1
2020-01-28 17:30:00,-100,-100,-100,0.5724467555132522,1
2020-01-28 18:30:00,2,1,2,0.5724467555132522,0
2020-01-28 19:30:00,1,0,1,0.5724467555132522,0
2020-01-28 20:30:00,2,2,1,0.5724467555132522,0
2020-01-28 21:30:00,2,2,0,0.5724467555132522,0
2020-01-28 22:30:00,0,2,0,0.5724467555132522,0
2020-01-28 23:30:00,0,2,0,0.5724467555132522,0
2020-01-29 00:30:00,0,2,0,0.5724467555132522,0
2020-01-29 01:30:00,0,2,2,0.5724467555132522,0
2020-01-29 02:30:00,2,2,2,0.5724467555132522,0
2020-01-29 03:30:00,2,0,2,0.5724467555132522,0
2020-01-29 04:30:00,2,0,2,0.5724467555132522,0
2020-01-29 05:30:00,2,2,2,0.2590937064091241,0
2020-01-29 06:30:00,2,0,2,0.2590937064091241,0
2020-01-29 07:30:00,1,1,2,0.2590937064091241,0
2020-01-29 08:30:00,1,0,1,0.6016763685172171,0
2020-01-29 09:30:00,2,2,1,0.6016763685172171,0
2020-01-29 10:30:00,2,0,2,0.6016763685172171,0
2020-01-29 11:30:00,1,1,2,0.6016763685172171,0
2020-01-29 12:30:00,1,1,0,0.6016763685172171,0
2020-01-29 13:30:00,0,1,0,0.6016763685172171,0
2020-01-29 14:30:00,0,1,0,0.6016763685172171,0
2020-01-29 15:30:00,0,1,0,0.6016763685172171,0
2020-01-29 16:30:00,0,1,0,0.6016763685172171,0
2020-01-29 17:30:00,2,1,1,0.6016763685172171,0
2020-01-29 18:30:00,2,1,1,0.6016763685172171,0
2020-01-29 19:30:00,2,0,1,0.6016763685172171,0
2020-01-29 20:30:00,2,2,1,0.6016763685172171,0
2020-01-29 21:30:00,2,2,2,0.18396361875127987,0
2020-01-29 22:30:00,1,0,2,0.18396361875127987,0
2020-01-29 23:30:00,1,1,2,0.18396361875127987,0
2020-01-30 00:30:00,1,0,1,0.18396361875127987,0
2020-01-30 01:30:00,2,2,1,0.18396361875127987,0
2020-01-30 02:30:00,2,0,2,0.0725872543446542,0
2020-01-30 03:30:00,1,1,2,0.724498764647195,0
2020-01-30 04:30:00,1,1,1,0.724498764647195,0
2020-01-30 05:30:00,2,0,1,0.724498764647195,0
2020-01-30 06:30:00,2,2,1,0.724498764647195,0
2020-01-30 07:30:00,2,2,0,0.724498764647195,0
2020-01-30 08:30:00,0,2,0,0.724498764647195,0
2020-01-30 09:30:00,0,2,0,0.724498764647195,0
2020-01-30 10:30:00,1,2,2,0.724498764647195,0
2020-01-30 11:30:00,1,2,2,0.724498764647195,0
2020-01-30 12:30:00,1,0,2,0.724498764647195,0
2020-01-30 13:30:00,1,0,2,0.724498764647195,0
2020-01-30 14:30:00,1,2,1,0.10358761066538591,0
2020-01-30 15:30:00,2,2,2,0.1539068508791157,0
2020-01-30 16:30:00,1,0,2,0.1539068508791157,0
2020-01-30 17:30:00,1,0,2,0.1539068508791157,0
2020-01-30 18:30:00,1,2,1,0.1539068508791157,0
2020-01-30 19:30:00,2,0,2,0.1539068508791157,0
2020-01-30 20:30:00,1,0,2,0.1539068508791157,0
2020-01-30 21:30:00,1,0,1,0.10409699045291809,0
2020-01-30 22:30:00,1,1,1,0.3515177820021825,0
2020-01-30 23:30:00,1,1,1,0.3515177820021825,0
2020-01-31 00:30:00,2,0,1,0.3515177820021825,0
2020-01-31 01:30:00,2,2,1,0.3515177820021825,0
2020-01-31 02:30:00,2,2,0,0.3515177820021825,0
2020-01-31 03:30:00,1,2,2,0.3515177820021825,0
2020-01-31 04:30:00,1,2,2,0.3515177820021825,0
2020-01-31 05:30:00,1,0,2,0.3515177820021825,0
2020-01-31 06:30:00,1,0,2,0.3515177820021825,0
2020-01-31 07:30:00,1,2,1,0.1182428289982278,0
2020-01-31 08:30:00,2,2,2,0.4205308376977373,0
2020-01-31 09:30:00,1,0,2,0.4205308376977373,0
2020-01-31 10:30:00,1,0,2,0.4205308376977373,0
2020-01-31 11:30:00,1,2,1,0.4205308376977373,0
2020-01-31 12:30:00,2,2,2,0.4205308376977373,0
2020-01-31 13:30:00,1,0,2,0.4205308376977373,0
2020-01-31 14:30:00,1,1,2,0.4205308376977373,0
2020-01-31 15:30:00,1,1,1,0.21721359042558053,0
2020-01-31 16:30:00,2,0,1,0.21721359042558053,0
2020-01-31 17:30:00,2,2,1,0.21721359042558053,0
2020-01-31 18:30:00,2,0,2,0.19362170997366857,0
2020-01-31 19:30:00,1,1,2,0.19362170997366857,0
2020-01-31 20:30:00,1,1,1,0.170731419579087,0
2020-01-31 21:30:00,1,0,1,0.170731419579087,0
2020-01-31 22:30:00,1,0,1,0.170731419579087,0
2020-01-31 23:30:00,1,1,0,0.170731419579087,0
2020-02-01 00:30:00,1,1,1,0.3443732132698046,0
2020-02-01 01:30:00,2,1,1,0.3443732132698046,0
2020-02-01 02:30:00,2,0,1,0.3443732132698046,0
2020-02-01 03:30:00,2,2,1,0.3443732132698046,0
2020-02-01 04:30:00,2,0,2,0.3443732132698046,0
2020-02-01 05:30:00,1,1,2,0.3443732132698046,0
2020-02-01 06:30:00,1,0,1,0.29660709121298634,0
2020-02-01 07:30:00,2,2,1,0.29660709121298634,0
2020-02-01 08:30:00,2,0,2,0.29660709121298634,0
2020-02-01 09:30:00,1,1,2,0.29660709121298634,0
2020-02-01 10:30:00,1,1,1,0.29660709121298634,0
2020-02-01 11:30:00,2,1,1,0.29660709121298634,0
2020-02-01 12:30:00,2,0,1,0.29660709121298634,0
2020-02-01 13:30:00,2,2,1,0.29660709121298634,0
2020-02-01 14:30:00,2,2,0,0.22318811870484723,0
2020-02-01 15:30:00,1,2,2,0.4469610824665287,0
2020-02-01 16:30:00,1,2,2,0.4469610824665287,0
2020-02-01 17:30:00,1,0,2,0.4469610824665287,0
2020-02-01 18:30:00,1,1,2,0.4469610824665287,0
2020-02-01 19:30:00,1,1,1,0.4905022503772854,0
2020-02-01 20:30:00,2,0,1,0.4905022503772854,0
2020-02-01 21:30:00,2,0,1,0.4905022503772854,0
2020-02-01 22:30:00,2,1,2,0.4905022503772854,0
2020-02-01 23:30:00,1,1,0,0.4905022503772854,0
2020-02-02 00:30:00,0,1,0,0.4905022503772854,0
2020-02-02 01:30:00,0,1,0,0.4905022503772854,0
2020-02-02 02:30:00,0,1,0,0.4905022503772854,0
2020-02-02 03:30:00,2,1,1,0.4905022503772854,0
2020-02-02 04:30:00,2,1,1,0.4905022503772854,0
2020-02-02 05:30:00,2,0,1,0.4905022503772854,0
2020-02-02 06:30:00,2,2,1,0.4905022503772854,0
2020-02-02 07:30:00,2,2,2,0.5811026527575462,0
2020-02-02 08:30:00,1,2,2,0.5811026527575462,0
2020-02-02 09:30:00,1,0,2,0.5811026527575462,0
2020-02-02 10:30:00,1,1,2,0.5811026527575462,0
2020-02-02 11:30:00,1,1,0,0.5811026527575462,0
2020-02-02 12:30:00,0,1,0,0.5811026527575462,0
2020-02-02 13:30:00,0,1,0,0.5811026527575462,0
2020-02-02 14:30:00,2,1,1,0.5811026527575462,0
2020-02-02 15:30:00,2,1,1,0.5811026527575462,0
2020-02-02 16:30:00,2,0,1,0.5811026527575462,0
2020-02-02 17:30:00,2,0,1,0.5811026527575462,0
2020-02-02 18:30:00,2,0,2,0.11127209756226986,0
2020-02-02 19:30:00,2,0,0,0.11127209756226986,0
2020-02-02 20:30:00,2,2,2,0.2500022302658227,0
2020-02-02 21:30:00,2,2,2,0.2500022302658227,0
2020-02-02 22:30:00,1,0,2,0.2500022302658227,0
2020-02-02 23:30:00,1,1,2,0.2500022302658227,0
2020-02-03 00:30:00,1,1,0,0.2500022302658227,0
2020-02-03 01:30:00,2,1,1,0.28935390623823487,0
2020-02-03 02:30:00,2,1,1,0.28935390623823487,0
2020-02-03 03:30:00,2,0,1,0.28935390623823487,0
2020-02-03 04:30:00,2,2,1,0.28935390623823487,0
2020-02-03 05:30:00,2,2,0,0.28935390623823487,0
2020-02-03 06:30:00,1,2,2,0.28935390623823487,0
2020-02-03 07:30:00,1,2,2,0.28935390623823487,0
2020-02-03 08:30:00,1,0,2,0.28935390623823487,0
2020-02-03 09:30:00,1,1,2,0.28935390623823487,0
2020-02-03 10:30:00,1,0,1,0.262748639195574,0
2020-02-03 11:30:00,2,2,1,0.262748639195574,0
2020-02-03 12:30:00,2,0,2,0.262748639195574,0
2020-02-03 13:30:00,1,1,2,0.262748639195574,0
2020-02-03 14:30:00,1,1,1,0.262748639195574,0
2020-02-03 15:30:00,2,1,1,0.262748639195574,0
2020-02-03 16:30:00,2,0,1,0.262748639195574,0
2020-02-03 17:30:00,2,2,1,0.262748639195574,0
2020-02-03 18:30:00,2,0,2,0.2605197340482528,0
2020-02-03 19:30:00,1,1,2,0.2605197340482528,0
2020-02-03 20:30:00,1,1,1,0.2605197340482528,0
2020-02-03 21:30:00,2,1,1,0.2605197340482528,0
2020-02-03 22:30:00,2,0,1,0.2605197340482528,0
2020-02-03 23:30:00,2,2,1,0.2605197340482528,0
2020-02-04 00:30:00,2,2,2,0.13375574836010973,0
2020-02-04 01:30:00,2,0,2,0.13375574836010973,0
2020-02-04 02:30:00,2,0,2,0.13375574836010973,0
2020-02-04 03:30:00,2,2,2,0.09271655308633875,0
2020-02-04 04:30:00,2,0,2,0.09271655308633875,0
2020-02-04 05:30:00,2,0,2,0.09271655308633875,0
2020-02-04 06:30:00,2,2,0,0.09271655308633875,0
2020-02-04 07:30:00,2,2,2,0.09271655308633875,0
2020-02-04 08:30:00,1,2,2,0.09271655308633875,0
2020-02-04 09:30:00,1,0,2,0.12882871135875096,0
2020-02-04 10:30:00,1,1,2,0.12882871135875096,0
2020-02-04 11:30:00,1,0,1,0.12882871135875096,0
2020-02-04 12:30:00,2,2,1,0.4564642486306419,0
2020-02-04 13:30:00,2,0,2,0.4564642486306419,0
2020-02-04 14:30:00,1,0,2,0.4564642486306419,0
2020-02-04 15:30:00,1,2,1,0.4564642486306419,0
2020-02-04 16:30:00,2,2,0,0.4564642486306419,0
2020-02-04 17:30:00,0,2,0,0.4564642486306419,0
2020-02-04 18:30:00,1,2,2,0.4564642486306419,0
2020-02-04 19:30:00,1,2,2,0.4564642486306419,0
2020-02-04 20:30:00,1,0,2,0.4564642486306419,0
2020-02-04 21:30:00,1,0,2,0.4564642486306419,0
2020-02-04 22:30:00,1,0,1,0.30474538634685455,0
2020-02-04 23:30:00,2,1,2,0.30474538634685455,0
2020-02-05 00:30:00,1,0,1,0.30474538634685455,0
2020-02-05 01:30:00,2,2,1,0.30474538634685455,0
2020-02-05 02:30:00,2,2,0,0.30474538634685455,0
2020-02-05 03:30:00,1,2,2,0.30474538634685455,0
2020-02-05 04:30:00,1,2,2,0.30474538634685455,0
2020-02-05 05:30:00,1,0,2,0.30474538634685455,0
2020-02-05 06:30:00,1,1,2,0.7229111784613789,0
2020-02-05 07:30:00,1,0,1,0.7229111784613789,0
2020-02-05 08:30:00,1,0,1,0.7229111784613789,0
2020-02-05 09:30:00,1,1,0,0.7229111784613789,0
2020-02-05 10:30:00,1,1,0,0.7229111784613789,0
2020-02-05 11:30:00,0,1,0,0.7229111784613789,0
2020-02-05 12:30:00,0,1,0,0.7229111784613789,0
2020-02-05 13:30:00,0,1,0,0.7229111784613789,0
2020-02-05 14:30:00,2,1,1,0.7229111784613789,0
2020-02-05 15:30:00,2,1,1,0.7229111784613789,0
2020-02-05 16:30:00,2,0,1,0.7229111784613789,0
2020-02-05 17:30:00,2,0,1,0.7229111784613789,0
2020-02-05 18:30:00,2,0,2,0.1592564288483782,0
2020-02-05 19:30:00,1,2,1,0.1592564288483782,0
2020-02-05 20:30:00,2,0,2,0.1592564288483782,0
2020-02-05 21:30:00,1,1,2,0.1592564288483782,0
2020-02-05 22:30:00,1,1,0,0.1592564288483782,0
2020-02-05 23:30:00,0,1,0,0.1592564288483782,0
2020-02-06 00:30:00,-100,-100,-100,0.1592564288483782,1
2020-02-06 01:30:00,-100,-100,-100,0.1592564288483782,1
2020-02-06 02:30:00,-100,-100,-100,0.25867145077700204,1
2020-02-06 03:30:00,-100,-100,-100,0.25867145077700204,1
2020-02-06 04:30:00,2,0,2,0.25867145077700204,0
2020-02-06 05:30:00,1,2,1,0.25867145077700204,0
2020-02-06 06:30:00,2,2,0,0.25867145077700204,0
2020-02-06 07:30:00,1,2,2,0.25867145077700204,0
2020-02-06 08:30:00,1,2,2,0.25867145077700204,0
2020-02-06 09:30:00,1,0,2,0.25867145077700204,0
2020-02-06 10:30:00,1,0,2,0.25867145077700204,0
2020-02-06 11:30:00,1,2,1,0.1969218364712937,0
2020-02-06 12:30:00,2,2,2,0.1969218364712937,0
2020-02-06 13:30:00,2,2,2,0.1969218364712937,0
2020-02-06 14:30:00,2,0,2,0.1969218364712937,0
2020-02-06 15:30:00,2,0,2,0.1969218364712937,0
2020-02-06 16:30:00,2,0,2,0.36815627631214204,0
2020-02-06 17:30:00,2,1,2,0.36815627631214204,0
2020-02-06 18:30:00,1,0,1,0.36815627631214204,0
2020-02-06 19:30:00,2,2,1,0.36815627631214204,0
2020-02-06 20:30:00,2,2,0,0.36815627631214204,0
2020-02-06 21:30:00,0,2,0,0.36815627631214204,0
2020-02-06 22:30:00,1,2,2,0.36815627631214204,0
2020-02-06 23:30:00,1,2,2,0.36815627631214204,0
2020-02-07 00:30:00,1,0,2,0.36815627631214204,0
2020-02-07 01:30:00,1,1,2,0.36815627631214204,0
2020-02-07 02:30:00,1,0,1,0.2948300647945006,0
2020-02-07 03:30:00,2,2,1,0.2948300647945006,0
2020-02-07 04:30:00,2,2,2,0.2948300647945006,0
2020-02-07 05:30:00,1,0,2,0.6167336231427605,0
2020-02-07 06:30:00,1,1,2,0.6167336231427605,0
2020-02-07 07:30:00,1,0,1,0.6167336231427605,0
2020-02-07 08:30:00,2,2,1,0.6167336231427605,0
2020-02-07 09:30:00,2,2,0,0.6167336231427605,0
2020-02-07 10:30:00,0,2,0,0.6167336231427605,0
2020-02-07 11:30:00,0,2,0,0.6167336231427605,0
2020-02-07 12:30:00,0,2,0,0.6167336231427605,0
2020-02-07 13:30:00,1,2,2,0.6167336231427605,0
2020-02-07 14:30:00,1,2,2,0.6167336231427605,0
2020-02-07 15:30:00,1,0,2,0.6167336231427605,0
2020-02-07 16:30:00,1,0,2,0.6167336231427605,0
2020-02-07 17:30:00,1,2,1,0.12988391851751757,0
2020-02-07 18:30:00,2,0,2,0.1676398421354124,0
2020-02-07 19:30:00,2,0,2,0.1676398421354124,0
2020-02-07 20:30:00,2,0,2,0.1676398421354124,0
2020-02-07 21:30:00,2,1,2,0.1676398421354124,0
2020-02-07 22:30:00,1,1,1,0.1676398421354124,0
2020-02-07 23:30:00,2,1,1,0.1785143847601649,0
2020-02-08 00:30:00,2,0,1,0.2935831811411864,0
2020-02-08 01:30:00,2,0,1,0.2935831811411864,0
2020-02-08 02:30:00,2,0,2,0.2935831811411864,0
2020-02-08 03:30:00,1,2,1,0.2935831811411864,0
2020-02-08 04:30:00,2,2,0,0.2935831811411864,0
2020-02-08 05:30:00,1,2,2,0.2935831811411864,0
2020-02-08 06:30:00,1,2,2,0.2935831811411864,0
2020-02-08 07:30:00,1,0,2,0.2935831811411864,0
2020-02-08 08:30:00,1,1,2,0.5029407347138841,0
2020-02-08 09:30:00,1,0,1,0.5029407347138841,0
2020-02-08 10:30:00,2,0,1,0.5029407347138841,0
2020-02-08 11:30:00,2,1,2,0.5029407347138841,0
2020-02-08 12:30:00,1,1,0,0.5029407347138841,0
2020-02-08 13:30:00,2,1,1,0.5029407347138841,0
2020-02-08 14:30:00,2,1,1,0.5029407347138841,0
2020-02-08 15:30:00,2,0,1,0.5029407347138841,0
2020-02-08 16:30:00,2,2,1,0.5029407347138841,0
2020-02-08 17:30:00,2,2,0,0.3303136930586375,0
2020-02-08 18:30:00,0,2,0,0.3303136930586375,0
2020-02-08 19:30:00,1,2,2,0.3303136930586375,0
2020-02-08 20:30:00,1,2,2,0.3303136930586375,0
2020-02-08 21:30:00,1,0,2,0.3303136930586375,0
2020-02-08 22:30:00,1,1,2,0.3303136930586375,0
2020-02-08 23:30:00,1,1,1,0.3792328587735599,0
2020-02-09 00:30:00,1,0,1,0.3792328587735599,0
2020-02-09 01:30:00,1,0,1,0.3792328587735599,0
2020-02-09 02:30:00,1,1,0,0.3792328587735599,0
2020-02-09 03:30:00,1,1,0,0.3792328587735599,0
2020-02-09 04:30:00,0,1,0,0.3792328587735599,0
2020-02-09 05:30:00,0,1,0,0.3792328587735599,0
2020-02-09 06:30:00,2,1,1,0.3792328587735599,0
2020-02-09 07:30:00,2,1,1,0.3792328587735599,0
2020-02-09 08:30:00,2,0,1,0.4328421776165508,0
2020-02-09 09:30:00,2,2,1,0.4328421776165508,0
2020-02-09 10:30:00,2,0,2,0.4328421776165508,0
2020-02-09 11:30:00,1,1,2,0.4328421776165508,0
2020-02-09 12:30:00,1,1,0,0.4328421776165508,0
2020-02-09 13:30:00,0,1,0,0.4328421776165508,0
2020-02-09 14:30:00,0,1,0,0.4328421776165508,0
2020-02-09 15:30:00,2,1,1,0.4328421776165508,0
2020-02-09 16:30:00,2,1,1,0.4328421776165508,0
2020-02-09 17:30:00,2,0,1,0.4328421776165508,0
2020-02-09 18:30:00,2,2,1,0.4328421776165508,0
2020-02-09 19:30:00,2,2,2,0.4846343587619089,0
2020-02-09 20:30:00,2,0,2,0.4846343587619089,0
2020-02-09 21:30:00,2,0,2,0.4846343587619089,0
2020-02-09 22:30:00,2,2,2,0.4846343587619089,0
2020-02-09 23:30:00,2,0,2,0.4846343587619089,0
2020-02-10 00:30:00,1,1,2,0.4846343587619089,0
2020-02-10 01:30:00,1,0,1,0.1594705935837375,0
2020-02-10 02:30:00,2,2,1,0.1594705935837375,0
2020-02-10 03:30:00,2,0,2,0.3938867349544611,0
2020-02-10 04:30:00,1,0,2,0.3938867349544611,0
2020-02-10 05:30:00,1,0,1,0.3938867349544611,0
2020-02-10 06:30:00,1,1,0,0.3938867349544611,0
2020-02-10 07:30:00,1,1,0,0.3938867349544611,0
2020-02-10 08:30:00,2,1,1,0.3938867349544611,0
2020-02-10 09:30:00,2,1,1,0.3938867349544611,0
2020-02-10 10:30:00,2,0,1,0.3938867349544611,0
2020-02-10 11:30:00,2,2,1,0.3938867349544611,0
2020-02-10 12:30:00,2,2,0,0.30990067033466673,0
2020-02-10 13:30:00,0,2,0,0.30990067033466673,0
2020-02-10 14:30:00,1,2,2,0.30990067033466673,0
2020-02-10 15:30:00,1,2,2,0.30990067033466673,0
2020-02-10 16:30:00,1,0,2,0.30990067033466673,0
2020-02-10 17:30:00,1,1,2,0.30990067033466673,0
2020-02-10 18:30:00,1,0,1,0.07302819438747045,0
2020-02-10 19:30:00,1,0,1,0.07302819438747045,0
2020-02-10 20:30:00,1,0,1,0.1740658936016919,0
2020-02-10 21:30:00,1,1,1,0.1740658936016919,0
2020-02-10 22:30:00,1,0,1,0.1740658936016919,0
2020-02-10 23:30:00,2,2,1,0.1740658936016919,0
2020-02-11 00:30:00,2,0,2,0.1740658936016919,0
2020-02-11 01:30:00,1,0,2,0.1740658936016919,0
2020-02-11 02:30:00,1,2,1,0.154891672156932,0
2020-02-11 03:30:00,2,0,2,0.154891672156932,0
2020-02-11 04:30:00,1,1,2,0.16871981138924674,0
2020-02-11 05:30:00,1,0,1,0.16871981138924674,0
2020-02-11 06:30:00,2,0,1,0.16871981138924674,0
2020-02-11 07:30:00,2,1,2,0.16871981138924674,0
2020-02-11 08:30:00,1,1,1,0.16871981138924674,0
2020-02-11 09:30:00,2,1,1,0.16871981138924674,0
2020-02-11 10:30:00,2,0,1,0.16871981138924674,0
2020-02-11 11:30:00,2,0,1,0.16871981138924674,0
2020-02-11 12:30:00,2,0,2,0.6905342847913536,0
2020-02-11 13:30:00,2,2,2,0.6905342847913536,0
2020-02-11 14:30:00,2,0,2,0.6905342847913536,0
2020-02-11 15:30:00,1,1,2,0.6905342847913536,0
2020-02-11 16:30:00,1,1,0,0.6905342847913536,0
2020-02-11 17:30:00,0,1,0,0.6905342847913536,0
2020-02-11 18:30:00,0,1,0,0.6905342847913536,0
2020-02-11 19:30:00,0,1,0,0.6905342847913536,0
2020-02-11 20:30:00,0,1,0,0.6905342847913536,0
2020-02-11 21:30:00,0,1,0,0.6905342847913536,0
2020-02-11 22:30:00,2,1,1,0.6905342847913536,0
2020-02-11 23:30:00,2,1,1,0.6905342847913536,0
2020-02-12 00:30:00,2,0,1,0.6905342847913536,0
2020-02-12 01:30:00,2,2,1,0.6905342847913536,0
2020-02-12 02:30:00,2,2,2,0.13380922163768894,0
2020-02-12 03:30:00,1,0,2,0.13380922163768894,0
2020-02-12 04:30:00,1,1,2,0.13380922163768894,0
2020-02-12 05:30:00,1,1,1,0.13380922163768894,0
2020-02-12 06:30:00,1,1,1,0.13380922163768894,0
2020-02-12 07:30:00,1,0,1,0.13380922163768894,0
2020-02-12 08:30:00,-100,-100,-100,0.13380922163768894,1
2020-02-12 09:30:00,-100,-100,-100,0.11447924803367027,1
2020-02-12 10:30:00,-100,-100,-100,0.4230961936457805,1
2020-02-12 11:30:00,-100,-100,-100,0.4230961936457805,1
2020-02-12 12:30:00,2,0,2,0.4230961936457805,0
2020-02-12 13:30:00,1,2,1,0.4230961936457805,0
2020-02-12 14:30:00,2,2,0,0.4230961936457805,0
2020-02-12 15:30:00,0,2,0,0.4230961936457805,0
2020-02-12 16:30:00,0,2,0,0.4230961936457805,0
2020-02-12 17:30:00,1,2,2,0.4230961936457805,0
2020-02-12 18:30:00,1,2,2,0.4230961936457805,0
2020-02-12 19:30:00,1,0,2,0.4230961936457805,0
2020-02-12 20:30:00,1,1,2,0.4230961936457805,0
2020-02-12 21:30:00,1,1,0,0.19540712382287317,0
2020-02-12 22:30:00,2,1,1,0.41601872523245037,0
2020-02-12 23:30:00,2,1,1,0.41601872523245037,0
2020-02-13 00:30:00,2,0,1,0.41601872523245037,0
2020-02-13 01:30:00,2,2,1,0.41601872523245037,0
2020-02-13 02:30:00,2,2,2,0.41601872523245037,0
2020-02-13 03:30:00,1,0,2,0.41601872523245037,0
2020-02-13 04:30:00,1,1,2,0.41601872523245037,0
2020-02-13 05:30:00,1,1,0,0.21310825939347122,0
2020-02-13 06:30:00,2,1,1,0.21310825939347122,0
2020-02-13 07:30:00,2,1,1,0.21310825939347122,0
2020-02-13 08:30:00,2,0,1,0.21310825939347122,0
2020-02-13 09:30:00,2,0,1,0.21310825939347122,0
2020-02-13 10:30:00,2,0,2,0.07475775512090711,0
2020-02-13 11:30:00,2,2,2,0.07475775512090711,0
2020-02-13 12:30:00,2,0,2,0.12022478586992058,0
2020-02-13 13:30:00,1,0,2,0.12022478586992058,0
2020-02-13 14:30:00,-100,-100,-100,0.12022478586992058,1
2020-02-13 15:30:00,2,1,2,0.14658756263817008,0
2020-02-13 16:30:00,1,0,1,0.14658756263817008,0
2020-02-13 17:30:00,2,0,1,0.14658756263817008,0
2020-02-13 18:30:00,2,1,2,0.1821968451155902,0
2020-02-13 19:30:00,1,1,1,0.1821968451155902,0
2020-02-13 20:30:00,2,0,1,0.1821968451155902,0
2020-02-13 21:30:00,2,2,1,0.1821968451155902,0
2020-02-13 22:30:00,2,2,2,0.1821968451155902,0
2020-02-13 23:30:00,1,0,2,0.1821968451155902,0
2020-02-14 00:30:00,1,0,2,0.1821968451155902,0
2020-02-14 01:30:00,1,0,1,0.11758672000729486,0
2020-02-14 02:30:00,2,0,2,0.2200483525039969,0
2020-02-14 03:30:00,2,2,2,0.2200483525039969,0
2020-02-14 04:30:00,2,0,2,0.2200483525039969,0
2020-02-14 05:30:00,1,1,2,0.3420659640658235,0
2020-02-14 06:30:00,1,0,1,0.3420659640658235,0
2020-02-14 07:30:00,2,0,1,0.3420659640658235,0
2020-02-14 08:30:00,2,1,2,0.3420659640658235,0
2020-02-14 09:30:00,1,1,0,0.3420659640658235,0
2020-02-14 10:30:00,0,1,0,0.3420659640658235,0
2020-02-14 11:30:00,0,1,0,0.3420659640658235,0
2020-02-14 12:30:00,0,1,1,0.3420659640658235,0
2020-02-14 13:30:00,1,1,1,0.3420659640658235,0
2020-02-14 14:30:00,1,0,1,0.3420659640658235,0
2020-02-14 15:30:00,1,0,1,0.3420659640658235,0
2020-02-14 16:30:00,1,0,1,0.14518842990990866,0
2020-02-14 17:30:00,1,2,1,0.15639971248968365,0
2020-02-14 18:30:00,2,2,2,0.15639971248968365,0
2020-02-14 19:30:00,1,0,2,0.3619654265305244,0
2020-02-14 20:30:00,1,1,2,0.3619654265305244,0
2020-02-14 21:30:00,1,0,1,0.3619654265305244,0
2020-02-14 22:30:00,2,2,1,0.3619654265305244,0
2020-02-14 23:30:00,2,2,0,0.3619654265305244,0
2020-02-15 00:30:00,0,2,0,0.3619654265305244,0
2020-02-15 01:30:00,1,2,2,0.3831546086978293,0
2020-02-15 02:30:00,1,2,2,0.3831546086978293,0
2020-02-15 03:30:00,1,0,2,0.3831546086978293,0
2020-02-15 04:30:00,1,1,2,0.3831546086978293,0
2020-02-15 05:30:00,1,1,1,0.3831546086978293,0
2020-02-15 06:30:00,2,0,1,0.3831546086978293,0
2020-02-15 07:30:00,2,0,1,0.3831546086978293,0
2020-02-15 08:30:00,2,1,2,0.17615339556955867,0
2020-02-15 09:30:00,1,1,0,0.17615339556955867,0
2020-02-15 10:30:00,0,1,0,0.17615339556955867,0
2020-02-15 11:30:00,2,1,1,0.2874993793123153,0
2020-02-15 12:30:00,2,1,1,0.2874993793123153,0
2020-02-15 13:30:00,2,0,1,0.2874993793123153,0
2020-02-15 14:30:00,2,2,1,0.2874993793123153,0
2020-02-15 15:30:00,2,2,2,0.2874993793123153,0
2020-02-15 16:30:00,1,0,2,0.2874993793123153,0
2020-02-15 17:30:00,1,0,2,0.2874993793123153,0
2020-02-15 18:30:00,1,2,1,0.07321624005745254,0
2020-02-15 19:30:00,2,0,2,0.07321624005745254,0
2020-02-15 20:30:00,1,1,2,0.07321624005745254,0
2020-02-15 21:30:00,1,1,1,0.7426207482554918,0
2020-02-15 22:30:00,2,0,1,0.7426207482554918,0
2020-02-15 23:30:00,2,0,1,0.7426207482554918,0
2020-02-16 00:30:00,2,1,2,0.7426207482554918,0
2020-02-16 01:30:00,1,1,0,0.7426207482554918,0
2020-02-16 02:30:00,0,1,0,0.7426207482554918,0
2020-02-16 03:30:00,0,1,0,0.7426207482554918,0
2020-02-16 04:30:00,0,1,0,0.7426207482554918,0
2020-02-16 05:30:00,0,1,0,0.7426207482554918,0
2020-02-16 06:30:00,2,1,1,0.7426207482554918,0
2020-02-16 07:30:00,2,1,1,0.7426207482554918,0
2020-02-16 08:30:00,2,0,1,0.7426207482554918,0
2020-02-16 09:30:00,2,0,1,0.7426207482554918,0
2020-02-16 10:30:00,2,0,2,0.30434889304206614,0
2020-02-16 11:30:00,1,2,1,0.30434889304206614,0
2020-02-16 12:30:00,2,0,2,0.30434889304206614,0
2020-02-16 13:30:00,1,1,2,0.30434889304206614,0
2020-02-16 14:30:00,1,1,1,0.30434889304206614,0
2020-02-16 15:30:00,2,0,1,0.30434889304206614,0
2020-02-16 16:30:00,2,2,1,0.30434889304206614,0
2020-02-16 17:30:00,2,2,2,0.12956963747587302,0
2020-02-16 18:30:00,1,0,2,0.12956963747587302,0
2020-02-16 19:30:00,1,1,2,0.12956963747587302,0
2020-02-16 20:30:00,1,1,1,0.09898739787681343,0
2020-02-16 21:30:00,2,0,1,0.09898739787681343,0
2020-02-16 22:30:00,2,2,1,0.09898739787681343,0
2020-02-16 23:30:00,2,2,2,0.0711551498750689,0
2020-02-17 00:30:00,2,0,2,0.11031407443718155,0
2020-02-17 01:30:00,2,0,2,0.11031407443718155,0
2020-02-17 02:30:00,2,0,0,0.11031407443718155,0
2020-02-17 03:30:00,2,2,0,0.11031407443718155,0
2020-02-17 04:30:00,2,2,2,0.1393815522799695,0
2020-02-17 05:30:00,1,2,2,0.36388179534364623,0
2020-02-17 06:30:00,1,0,2,0.36388179534364623,0
2020-02-17 07:30:00,1,0,2,0.36388179534364623,0
2020-02-17 08:30:00,1,2,1,0.36388179534364623,0
2020-02-17 09:30:00,2,2,0,0.36388179534364623,0
2020-02-17 10:30:00,0,2,0,0.36388179534364623,0
2020-02-17 11:30:00,-100,-100,-100,0.36388179534364623,1
2020-02-17 12:30:00,-100,-100,-100,0.36388179534364623,1
2020-02-17 13:30:00,-100,-100,-100,0.36388179534364623,1
2020-02-17 14:30:00,-100,-100,-100,0.36388179534364623,1
2020-02-17 15:30:00,1,1,0,0.359891754869393,0
2020-02-17 16:30:00,0,1,0,0.359891754869393,0
2020-02-17 17:30:00,0,1,0,0.359891754869393,0
2020-02-17 18:30:00,0,1,0,0.359891754869393,0
2020-02-17 19:30:00,2,1,1,0.4166520460561101,0
2020-02-17 20:30:00,2,1,1,0.4166520460561101,0
2020-02-17 21:30:00,2,0,1,0.4166520460561101,0
2020-02-17 22:30:00,2,2,1,0.4166520460561101,0
2020-02-17 23:30:00,2,2,2,0.4166520460561101,0
2020-02-18 00:30:00,1,0,2,0.4166520460561101,0
2020-02-18 01:30:00,1,1,2,0.4166520460561101,0
2020-02-18 02:30:00,1,1,1,0.2914258285999676,0
2020-02-18 03:30:00,1,0,1,0.2914258285999676,0
2020-02-18 04:30:00,1,0,1,0.2914258285999676,0
2020-02-18 05:30:00,1,1,0,0.2914258285999676,0
2020-02-18 06:30:00,1,1,0,0.2914258285999676,0
2020-02-18 07:30:00,2,1,1,0.2914258285999676,0
2020-02-18 08:30:00,2,1,1,0.2914258285999676,0
2020-02-18 09:30:00,2,0,1,0.2914258285999676,0
2020-02-18 10:30:00,2,0,1,0.2914258285999676,0
2020-02-18 11:30:00,2,1,2,0.18374694524256707,0
2020-02-18 12:30:00,1,1,1,0.7978964337289023,0
2020-02-18 13:30:00,2,1,1,0.7978964337289023,0
2020-02-18 14:30:00,2,0,1,0.7978964337289023,0
2020-02-18 15:30:00,2,2,1,0.7978964337289023,0
2020-02-18 16:30:00,2,2,0,0.7978964337289023,0
2020-02-18 17:30:00,0,2,0,0.7978964337289023,0
2020-02-18 18:30:00,0,2,0,0.7978964337289023,0
2020-02-18 19:30:00,0,2,0,0.7978964337289023,0
2020-02-18 20:30:00,1,2,2,0.7978964337289023,0
2020-02-18 21:30:00,1,2,2,0.7978964337289023,0
2020-02-18 22:30:00,1,0,2,0.7978964337289023,0
2020-02-18 23:30:00,1,1,2,0.7978964337289023,0
2020-02-19 00:30:00,1,0,1,0.6602718834157866,0
2020-02-19 01:30:00,2,2,1,0.6602718834157866,0
2020-02-19 02:30:00,2,2,0,0.6602718834157866,0
2020-02-19 03:30:00,0,2,0,0.6602718834157866,0
2020-02-19 04:30:00,0,2,0,0.6602718834157866,0
2020-02-19 05:30:00,0,2,0,0.6602718834157866,0
2020-02-19 06:30:00,0,2,0,0.6602718834157866,0
2020-02-19 07:30:00,1,2,2,0.6602718834157866,0
2020-02-19 08:30:00,1,2,2,0.6602718834157866,0
2020-02-19 09:30:00,1,0,2,0.6602718834157866,0
2020-02-19 10:30:00,1,1,2,0.6602718834157866,0
2020-02-19 11:30:00,1,1,1,0.1049826244000922,0
2020-02-19 12:30:00,-100,-100,-100,0.1049826244000922,1
2020-02-19 13:30:00,-100,-100,-100,0.1049826244000922,1
2020-02-19 14:30:00,-100,-100,-100,0.14077823978188064,1
2020-02-19 15:30:00,-100,-100,-100,0.14077823978188064,1
2020-02-19 16:30:00,2,0,2,0.14077823978188064,0
2020-02-19 17:30:00,1,2,1,0.29481189791730245,0
2020-02-19 18:30:00,2,2,2,0.29481189791730245,0
2020-02-19 19:30:00,1,0,2,0.29481189791730245,0
2020-02-19 20:30:00,1,1,2,0.29481189791730245,0
2020-02-19 21:30:00,1,1,0,0.29481189791730245,0
2020-02-19 22:30:00,0,1,1,0.29481189791730245,0
2020-02-19 23:30:00,1,1,1,0.40545557959541784,0
2020-02-20 00:30:00,1,0,1,0.40545557959541784,0
2020-02-20 01:30:00,1,0,1,0.40545557959541784,0
2020-02-20 02:30:00,1,1,1,0.40545557959541784,0
2020-02-20 03:30:00,1,1,1,0.40545557959541784,0
2020-02-20 04:30:00,2,0,1,0.40545557959541784,0
2020-02-20 05:30:00,2,2,1,0.40545557959541784,0
2020-02-20 06:30:00,2,0,2,0.2428659759817391,0
2020-02-20 07:30:00,1,0,2,0.2428659759817391,0
2020-02-20 08:30:00,1,2,1,0.2428659759817391,0
2020-02-20 09:30:00,2,2,2,0.2598266100001716,0
2020-02-20 10:30:00,2,0,2,0.2598266100001716,0
2020-02-20 11:30:00,2,0,2,0.2598266100001716,0
2020-02-20 12:30:00,2,2,0,0.2598266100001716,0
2020-02-20 13:30:00,2,2,0,0.2598266100001716,0
2020-02-20 14:30:00,1,2,2,0.30065521922899396,0
2020-02-20 15:30:00,1,2,2,0.30065521922899396,0
2020-02-20 16:30:00,1,0,2,0.30065521922899396,0
2020-02-20 17:30:00,1,1,2,0.9924197755711566,0
2020-02-20 18:30:00,1,1,1,0.9924197755711566,0
2020-02-20 19:30:00,2,0,1,0.9924197755711566,0
2020-02-20 20:30:00,2,2,1,0.9924197755711566,0
2020-02-20 21:30:00,2,2,0,0.9924197755711566,0
2020-02-20 22:30:00,0,2,0,0.9924197755711566,0
2020-02-20 23:30:00,0,2,0,0.9924197755711566,0
2020-02-21 00:30:00,0,2,0,0.9924197755711566,0
2020-02-21 01:30:00,1,2,2,0.9924197755711566,0
2020-02-21 02:30:00,1,2,2,0.9924197755711566,0
2020-02-21 03:30:00,1,0,2,0.9924197755711566,0
2020-02-21 04:30:00,1,1,2,0.9924197755711566,0
2020-02-21 05:30:00,1,1,0,0.33965842998738444,0
2020-02-21 06:30:00,2,1,1,0.33965842998738444,0
2020-02-21 07:30:00,2,1,1,0.33965842998738444,0
2020-02-21 08:30:00,2,0,1,0.33965842998738444,0
2020-02-21 09:30:00,2,0,1,0.33965842998738444,0
2020-02-21 10:30:00,2,1,2,0.10076453460468748,0
2020-02-21 11:30:00,1,0,1,0.10076453460468748,0
2020-02-21 12:30:00,2,0,1,0.25157316644237415,0
2020-02-21 13:30:00,2,1,2,0.25157316644237415,0
2020-02-21 14:30:00,1,0,1,0.25157316644237415,0
2020-02-21 15:30:00,2,2,1,0.25157316644237415,0
2020-02-21 16:30:00,2,2,2,0.25157316644237415,0
2020-02-21 17:30:00,2,0,2,0.25157316644237415,0
2020-02-21 18:30:00,2,0,2,0.36350498882008525,0
2020-02-21 19:30:00,2,0,2,0.36350498882008525,0
2020-02-21 20:30:00,2,0,2,0.36350498882008525,0
2020-02-21 21:30:00,2,1,2,0.36350498882008525,0
2020-02-21 22:30:00,1,1,0,0.36350498882008525,0
2020-02-21 23:30:00,2,1,1,0.36350498882008525,0
2020-02-22 00:30:00,2,1,1,0.36350498882008525,0
2020-02-22 01:30:00,2,0,1,0.36350498882008525,0
2020-02-22 02:30:00,-100,-100,-100,0.36350498882008525,1
2020-02-22 03:30:00,-100,-100,-100,0.1397637345274143,1
2020-02-22 04:30:00,1,0,1,0.3523956573345704,0
2020-02-22 05:30:00,2,1,2,0.3523956573345704,0
2020-02-22 06:30:00,1,0,1,0.3523956573345704,0
2020-02-22 07:30:00,2,2,1,0.3523956573345704,0
2020-02-22 08:30:00,2,2,2,0.3523956573345704,0
2020-02-22 09:30:00,1,2,2,0.3523956573345704,0
2020-02-22 10:30:00,1,0,2,0.3523956573345704,0
2020-02-22 11:30:00,1,1,2,0.3523956573345704,0
2020-02-22 12:30:00,1,0,1,0.21563158331153343,0
2020-02-22 13:30:00,2,0,1,0.21563158331153343,0
2020-02-22 14:30:00,2,0,2,0.21415847308234692,0
2020-02-22 15:30:00,2,2,2,0.21415847308234692,0
2020-02-22 16:30:00,2,0,2,0.21415847308234692,0
2020-02-22 17:30:00,1,1,2,0.21415847308234692,0
2020-02-22 18:30:00,1,1,1,0.21415847308234692,0
2020-02-22 19:30:00,1,0,1,0.21415847308234692,0
2020-02-22 20:30:00,1,0,1,0.21415847308234692,0
2020-02-22 21:30:00,1,1,1,0.15833404754712443,0
2020-02-22 22:30:00,1,1,1,0.15833404754712443,0
2020-02-22 23:30:00,2,0,1,0.15833404754712443,0
2020-02-23 00:30:00,2,2,1,0.15833404754712443,0
2020-02-23 01:30:00,2,2,2,0.4337343323511283,0
2020-02-23 02:30:00,1,2,2,0.4337343323511283,0
2020-02-23 03:30:00,1,0,2,0.4337343323511283,0
2020-02-23 04:30:00,1,1,2,0.4337343323511283,0
2020-02-23 05:30:00,1,1,0,0.4337343323511283,0
2020-02-23 06:30:00,2,1,1,0.4337343323511283,0
2020-02-23 07:30:00,2,1,1,0.4337343323511283,0
2020-02-23 08:30:00,2,0,1,0.4337343323511283,0
2020-02-23 09:30:00,2,2,1,0.4337343323511283,0
2020-02-23 10:30:00,2,2,0,0.09264533252097351,0
2020-02-23 11:30:00,1,2,2,0.16332397071746652,0
2020-02-23 12:30:00,1,2,2,0.16332397071746652,0
2020-02-23 13:30:00,1,0,2,0.16332397071746652,0
2020-02-23 14:30:00,-100,-100,-100,0.16332397071746652,1
2020-02-23 15:30:00,1,0,1,0.3643868784320042,0
2020-02-23 16:30:00,1,0,1,0.3643868784320042,0
2020-02-23 17:30:00,1,0,1,0.3643868784320042,0
2020-02-23 18:30:00,1,2,1,0.3643868784320042,0
2020-02-23 19:30:00,2,0,2,0.3643868784320042,0
2020-02-23 20:30:00,1,1,2,0.3643868784320042,0
2020-02-23 21:30:00,1,1,1,0.10681563533817151,0
2020-02-23 22:30:00,2,0,1,0.25676331212689796,0
2020-02-23 23:30:00,2,2,1,0.25676331212689796,0
2020-02-24 00:30:00,2,0,2,0.25676331212689796,0
2020-02-24 01:30:00,-100,-100,-100,0.25676331212689796,1
2020-02-24 02:30:00,-100,-100,-100,0.25676331212689796,1
2020-02-24 03:30:00,-100,-100,-100,0.25676331212689796,1
2020-02-24 04:30:00,-100,-100,-100,0.25676331212689796,1
2020-02-24 05:30:00,2,2,2,0.2535731278671909,0
2020-02-24 06:30:00,1,0,2,0.5797974174245528,0
2020-02-24 07:30:00,1,1,2,0.5797974174245528,0
2020-02-24 08:30:00,1,0,1,0.5797974174245528,0
2020-02-24 09:30:00,2,2,1,0.5797974174245528,0
2020-02-24 10:30:00,2,2,0,0.5797974174245528,0
2020-02-24 11:30:00,0,2,0,0.5797974174245528,0
2020-02-24 12:30:00,1,2,2,0.5797974174245528,0
2020-02-24 13:30:00,1,2,2,0.5797974174245528,0
2020-02-24 14:30:00,1,0,2,0.5797974174245528,0
2020-02-24 15:30:00,1,1,2,0.5797974174245528,0
2020-02-24 16:30:00,1,0,1,0.33544083693191334,0
2020-02-24 17:30:00,2,2,1,0.33544083693191334,0
2020-02-24 18:30:00,2,2,2,0.3958228565877891,0
2020-02-24 19:30:00,1,0,2,0.3958228565877891,0
2020-02-24 20:30:00,1,0,2,0.3958228565877891,0
2020-02-24 21:30:00,1,2,1,0.3958228565877891,0
2020-02-24 22:30:00,2,2,2,0.3958228565877891,0
2020-02-24 23:30:00,1,0,2,0.3958228565877891,0
2020-02-25 00:30:00,1,0,2,0.3958228565877891,0
2020-02-25 01:30:00,1,0,1,0.26874046008659214,0
2020-02-25 02:30:00,2,1,2,0.26874046008659214,0
2020-02-25 03:30:00,1,1,0,0.26874046008659214,0
2020-02-25 04:30:00,2,1,1,0.26874046008659214,0
2020-02-25 05:30:00,2,1,1,0.26874046008659214,0
2020-02-25 06:30:00,-100,-100,-100,0.26874046008659214,1
2020-02-25 07:30:00,-100,-100,-100,0.26874046008659214,1
2020-02-25 08:30:00,2,0,2,0.2621201910691111,0
2020-02-25 09:30:00,1,2,1,0.2621201910691111,0
2020-02-25 10:30:00,2,2,2,0.2621201910691111,0
2020-02-25 11:30:00,1,2,2,0.2621201910691111,0
2020-02-25 12:30:00,1,0,2,0.2621201910691111,0
2020-02-25 13:30:00,1,1,2,0.2621201910691111,0
2020-02-25 14:30:00,1,1,1,0.1480686630085275,0
2020-02-25 15:30:00,2,0,1,0.1480686630085275,0
2020-02-25 16:30:00,2,2,1,0.2698861850048466,0
2020-02-25 17:30:00,2,0,2,0.2698861850048466,0
2020-02-25 18:30:00,1,0,2,0.6864584947059686,0
2020-02-25 19:30:00,1,2,1,0.6864584947059686,0
2020-02-25 20:30:00,2,0,2,0.6864584947059686,0
2020-02-25 21:30:00,1,1,2,0.6864584947059686,0
2020-02-25 22:30:00,1,1,0,0.6864584947059686,0
2020-02-25 23:30:00,0,1,0,0.6864584947059686,0
2020-02-26 00:30:00,0,1,0,0.6864584947059686,0
2020-02-26 01:30:00,2,1,1,0.6864584947059686,0
2020-02-26 02:30:00,2,1,1,0.6864584947059686,0
2020-02-26 03:30:00,2,0,1,0.6864584947059686,0
2020-02-26 04:30:00,2,2,1,0.6864584947059686,0
2020-02-26 05:30:00,2,0,2,0.1310029834209896,0
2020-02-26 06:30:00,1,1,2,0.1310029834209896,0
2020-02-26 07:30:00,1,0,1,0.23260361811315455,0
2020-02-26 08:30:00,2,2,1,0.23260361811315455,0
2020-02-26 09:30:00,2,0,2,0.23260361811315455,0
2020-02-26 10:30:00,1,1,2,0.23260361811315455,0
2020-02-26 11:30:00,1,0,1,0.23260361811315455,0
2020-02-26 12:30:00,2,0,1,0.23260361811315455,0
2020-02-26 13:30:00,2,0,2,0.06959126978755938,0
2020-02-26 14:30:00,1,0,1,0.10482217931950188,0
2020-02-26 15:30:00,1,0,1,0.23948547672460396,0
2020-02-26 16:30:00,1,0,1,0.23948547672460396,0
2020-02-26 17:30:00,1,0,1,0.23948547672460396,0
2020-02-26 18:30:00,2,1,2,0.23948547672460396,0
2020-02-26 19:30:00,1,1,1,0.23948547672460396,0
2020-02-26 20:30:00,2,0,1,0.23948547672460396,0
2020-02-26 21:30:00,2,2,1,0.23948547672460396,0
2020-02-26 22:30:00,2,2,0,0.16339743325807277,0
2020-02-26 23:30:00,1,2,2,0.16339743325807277,0
2020-02-27 00:30:00,1,2,2,0.16339743325807277,0
2020-02-27 01:30:00,1,0,2,0.16339743325807277,0
2020-02-27 02:30:00,1,0,2,0.16339743325807277,0
2020-02-27 03:30:00,1,0,1,0.14610490074536564,0
2020-02-27 04:30:00,2,0,2,0.14610490074536564,0
2020-02-27 05:30:00,1,2,1,0.314931555076619,0
2020-02-27 06:30:00,2,2,2,0.314931555076619,0
2020-02-27 07:30:00,1,0,2,0.314931555076619,0
2020-02-27 08:30:00,1,1,2,0.314931555076619,0
2020-02-27 09:30:00,1,1,1,0.314931555076619,0
2020-02-27 10:30:00,2,0,1,0.314931555076619,0
2020-02-27 11:30:00,2,0,1,0.314931555076619,0
2020-02-27 12:30:00,2,1,2,0.13545129908038067,0
2020-02-27 13:30:00,1,0,1,0.3640061940147215,0
2020-02-27 14:30:00,2,2,1,0.3640061940147215,0
2020-02-27 15:30:00,2,0,2,0.3640061940147215,0
2020-02-27 16:30:00,1,1,2,0.3640061940147215,0
2020-02-27 17:30:00,1,1,0,0.3640061940147215,0
2020-02-27 18:30:00,0,1,0,0.3640061940147215,0
2020-02-27 19:30:00,2,1,1,0.4603482382068274,0
2020-02-27 20:30:00,2,1,1,0.4603482382068274,0
2020-02-27 21:30:00,2,0,1,0.4603482382068274,0
2020-02-27 22:30:00,2,2,1,0.4603482382068274,0
2020-02-27 23:30:00,2,2,2,0.4603482382068274,0
2020-02-28 00:30:00,1,2,2,0.4603482382068274,0
2020-02-28 01:30:00,1,0,2,0.4603482382068274,0
2020-02-28 02:30:00,1,1,2,0.4603482382068274,0
2020-02-28 03:30:00,1,0,1,0.13295287083314555,0
2020-02-28 04:30:00,2,0,1,0.13295287083314555,0
2020-02-28 05:30:00,2,0,2,0.13295287083314555,0
2020-02-28 06:30:00,2,2,2,0.13295287083314555,0
2020-02-28 07:30:00,2,0,2,0.13295287083314555,0
2020-02-28 08:30:00,1,0,2,0.15993902109634295,0
2020-02-28 09:30:00,1,0,1,0.21576582487334672,0
2020-02-28 10:30:00,2,0,2,0.21576582487334672,0
2020-02-28 11:30:00,2,0,2,0.21576582487334672,0
2020-02-28 12:30:00,2,1,2,0.21576582487334672,0
2020-02-28 13:30:00,1,0,1,0.21576582487334672,0
2020-02-28 14:30:00,1,0,1,0.21576582487334672,0
2020-02-28 15:30:00,1,0,1,0.13374667195108092,0
2020-02-28 16:30:00,1,0,1,0.13374667195108092,0
2020-02-28 17:30:00,2,0,2,0.13374667195108092,0
2020-02-28 18:30:00,1,2,1,0.13374667195108092,0
2020-02-28 19:30:00,2,2,2,0.1811279317348662,0
2020-02-28 20:30:00,1,2,2,0.1811279317348662,0
2020-02-28 21:30:00,1,0,2,0.1811279317348662,0
2020-02-28 22:30:00,1,1,2,0.1811279317348662,0
2020-02-28 23:30:00,1,1,0,0.1811279317348662,0
2020-02-29 00:30:00,0,1,1,0.1811279317348662,0
2020-02-29 01:30:00,1,1,1,0.1910025545858245,0
2020-02-29 02:30:00,1,0,1,0.1910025545858245,0
2020-02-29 03:30:00,1,0,1,0.22730772953593537,0
2020-02-29 04:30:00,1,0,1,0.22730772953593537,0
2020-02-29 05:30:00,1,0,1,0.22730772953593537,0
2020-02-29 06:30:00,2,1,2,0.3717493228714757,0
2020-02-29 07:30:00,1,0,1,0.3717493228714757,0
2020-02-29 08:30:00,2,0,1,0.3717493228714757,0
2020-02-29 09:30:00,2,1,2,0.3717493228714757,0
2020-02-29 10:30:00,1,1,1,0.3717493228714757,0
2020-02-29 11:30:00,0,1,1,0.3717493228714757,0
2020-02-29 12:30:00,1,0,1,0.3717493228714757,0
2020-02-29 13:30:00,1,0,1,0.3717493228714757,0
2020-02-29 14:30:00,1,0,0,0.16201825995414243,0
2020-02-29 15:30:00,1,1,1,0.16201825995414243,0
2020-02-29 16:30:00,1,1,1,0.2664736893164381,0
2020-02-29 17:30:00,2,0,1,0.2664736893164381,0
2020-02-29 18:30:00,2,0,1,0.2664736893164381,0
2020-02-29 19:30:00,2,1,2,0.2664736893164381,0
2020-02-29 20:30:00,1,1,1,0.7367545350474218,0
2020-02-29 21:30:00,2,1,1,0.7367545350474218,0
2020-02-29 22:30:00,2,0,1,0.7367545350474218,0
2020-02-29 23:30:00,2,2,1,0.7367545350474218,0
2020-03-01 00:30:00,2,2,0,0.7367545350474218,0
2020-03-01 01:30:00,0,2,0,0.7367545350474218,0
2020-03-01 02:30:00,0,2,0,0.7367545350474218,0
2020-03-01 03:30:00,0,2,0,0.7367545350474218,0
2020-03-01 04:30:00,0,2,0,0.7367545350474218,0
2020-03-01 05:30:00,1,2,2,0.7367545350474218,0
2020-03-01 06:30:00,1,2,2,0.7367545350474218,0
2020-03-01 07:30:00,1,0,2,0.7367545350474218,0
2020-03-01 08:30:00,1,0,2,0.7367545350474218,0
2020-03-01 09:30:00,1,0,1,0.4839330535353286,0
2020-03-01 10:30:00,2,0,2,0.4839330535353286,0
2020-03-01 11:30:00,2,0,2,0.4839330535353286,0
2020-03-01 12:30:00,2,1,2,0.4839330535353286,0
2020-03-01 13:30:00,1,1,0,0.4839330535353286,0
2020-03-01 14:30:00,2,1,1,0.4839330535353286,0
2020-03-01 15:30:00,2,1,1,0.4839330535353286,0
2020-03-01 16:30:00,2,0,1,0.4839330535353286,0
2020-03-01 17:30:00,2,2,1,0.4839330535353286,0
2020-03-01 18:30:00,2,2,2,0.09473523831007125,0
2020-03-01 19:30:00,1,0,2,0.09473523831007125,0
2020-03-01 20:30:00,1,0,2,0.6029205426306499,0
2020-03-01 21:30:00,1,0,1,0.6029205426306499,0
2020-03-01 22:30:00,1,0,0,0.6029205426306499,0
2020-03-01 23:30:00,1,1,0,0.6029205426306499,0
2020-03-02 00:30:00,1,1,0,0.6029205426306499,0
2020-03-02 01:30:00,0,1,0,0.6029205426306499,0
2020-03-02 02:30:00,0,1,0,0.6029205426306499,0
2020-03-02 03:30:00,2,1,1,0.6029205426306499,0
2020-03-02 04:30:00,2,1,1,0.6029205426306499,0
2020-03-02 05:30:00,-100,-100,-100,0.6029205426306499,1
2020-03-02 06:30:00,-100,-100,-100,0.6029205426306499,1
2020-03-02 07:30:00,-100,-100,-100,0.1233162167864581,1
2020-03-02 08:30:00,-100,-100,-100,0.5096960594724447,1
2020-03-02 09:30:00,1,1,1,0.5096960594724447,0
2020-03-02 10:30:00,2,0,1,0.5096960594724447,0
2020-03-02 11:30:00,2,2,1,0.5096960594724447,0
2020-03-02 12:30:00,2,2,2,0.5096960594724447,0
2020-03-02 13:30:00,1,2,2,0.5096960594724447,0
2020-03-02 14:30:00,1,0,2,0.5096960594724447,0
2020-03-02 15:30:00,1,1,2,0.5096960594724447,0
2020-03-02 16:30:00,1,0,1,0.22194252572563844,0
2020-03-02 17:30:00,2,2,1,0.22194252572563844,0
2020-03-02 18:30:00,2,2,2,0.22194252572563844,0
2020-03-02 19:30:00,1,2,2,0.22194252572563844,0
2020-03-02 20:30:00,1,0,2,0.22194252572563844,0
2020-03-02 21:30:00,1,0,2,0.3405309227769387,0
2020-03-02 22:30:00,1,2,1,0.3405309227769387,0
2020-03-02 23:30:00,2,0,2,0.3405309227769387,0
2020-03-03 00:30:00,1,1,2,0.3405309227769387,0
2020-03-03 01:30:00,1,1,0,0.3405309227769387,0
2020-03-03 02:30:00,0,1,0,0.3405309227769387,0
2020-03-03 03:30:00,2,1,1,0.3405309227769387,0
2020-03-03 04:30:00,-100,-100,-100,0.3405309227769387,1
2020-03-03 05:30:00,-100,-100,-100,0.3405309227769387,1
2020-03-03 06:30:00,-100,-100,-100,0.3405309227769387,1
2020-03-03 07:30:00,-100,-100,-100,0.1067389016239666,1
2020-03-03 08:30:00,1,0,1,0.3279266139465991,0
2020-03-03 09:30:00,2,0,2,0.3279266139465991,0
2020-03-03 10:30:00,2,0,0,0.3279266139465991,0
2020-03-03 11:30:00,2,2,0,0.3279266139465991,0
2020-03-03 12:30:00,2,2,0,0.3279266139465991,0
2020-03-03 13:30:00,0,2,0,0.3279266139465991,0
2020-03-03 14:30:00,0,2,2,0.3279266139465991,0
2020-03-03 15:30:00,2,2,2,0.3279266139465991,0
2020-03-03 16:30:00,2,0,2,0.3279266139465991,0
2020-03-03 17:30:00,2,0,2,0.3279266139465991,0
2020-03-03 18:30:00,2,0,2,0.20169320208198105,0
2020-03-03 19:30:00,2,0,2,0.20169320208198105,0
2020-03-03 20:30:00,1,2,1,0.20169320208198105,0
2020-03-03 21:30:00,2,2,2,0.20169320208198105,0
2020-03-03 22:30:00,1,0,2,0.20169320208198105,0
2020-03-03 23:30:00,1,1,2,0.20169320208198105,0
2020-03-04 00:30:00,1,1,1,0.1815057965677651,0
2020-03-04 01:30:00,2,1,1,0.1815057965677651,0
2020-03-04 02:30:00,2,0,1,0.31846968315599794,0
2020-03-04 03:30:00,2,2,1,0.31846968315599794,0
2020-03-04 04:30:00,2,0,2,0.31846968315599794,0
2020-03-04 05:30:00,1,1,2,0.31846968315599794,0
2020-03-04 06:30:00,1,1,0,0.31846968315599794,0
2020-03-04 07:30:00,-100,-100,-100,0.3220456324156445,1
2020-03-04 08:30:00,-100,-100,-100,0.3220456324156445,1
2020-03-04 09:30:00,-100,-100,-100,0.3220456324156445,1
2020-03-04 10:30:00,-100,-100,-100,0.3220456324156445,1
2020-03-04 11:30:00,2,0,2,0.3220456324156445,0
2020-03-04 12:30:00,2,0,2,0.657062358220875,0
2020-03-04 13:30:00,2,0,2,0.657062358220875,0
2020-03-04 14:30:00,2,0,2,0.657062358220875,0
2020-03-04 15:30:00,1,2,1,0.657062358220875,0
2020-03-04 16:30:00,2,2,0,0.657062358220875,0
2020-03-04 17:30:00,0,2,0,0.657062358220875,0
2020-03-04 18:30:00,0,2,0,0.657062358220875,0
2020-03-04 19:30:00,1,2,2,0.657062358220875,0
2020-03-04 20:30:00,1,2,2,0.657062358220875,0
2020-03-04 21:30:00,-100,-100,-100,0.657062358220875,1
2020-03-04 22:30:00,-100,-100,-100,0.657062358220875,1
2020-03-04 23:30:00,-100,-100,-100,0.21709382414713474,1
2020-03-05 00:30:00,-100,-100,-100,0.21709382414713474,1
2020-03-05 01:30:00,2,0,2,0.21709382414713474,0
2020-03-05 02:30:00,1,1,2,0.21709382414713474,0
2020-03-05 03:30:00,1,1,1,0.21709382414713474,0
2020-03-05 04:30:00,2,1,1,0.21709382414713474,0
2020-03-05 05:30:00,2,0,1,0.21709382414713474,0
2020-03-05 06:30:00,2,0,1,0.21709382414713474,0
2020-03-05 07:30:00,2,0,2,0.23111374249237304,0
2020-03-05 08:30:00,1,0,1,0.23111374249237304,0
2020-03-05 09:30:00,2,0,2,0.23111374249237304,0
2020-03-05 10:30:00,1,2,1,0.23111374249237304,0
2020-03-05 11:30:00,2,0,2,0.23111374249237304,0
2020-03-05 12:30:00,1,0,2,0.23111374249237304,0
2020-03-05 13:30:00,1,0,1,0.2032075965304685,0
2020-03-05 14:30:00,1,1,0,0.2032075965304685,0
2020-03-05 15:30:00,1,1,1,0.24931507386610363,0
2020-03-05 16:30:00,2,1,1,0.24931507386610363,0
2020-03-05 17:30:00,2,0,1,0.24931507386610363,0
2020-03-05 18:30:00,2,2,1,0.24931507386610363,0
2020-03-05 19:30:00,2,2,2,0.24931507386610363,0
2020-03-05 20:30:00,1,0,2,0.5592858782802272,0
2020-03-05 21:30:00,1,1,2,0.5592858782802272,0
2020-03-05 22:30:00,1,0,1,0.5592858782802272,0
2020-03-05 23:30:00,2,2,1,0.5592858782802272,0
2020-03-06 00:30:00,2,2,0,0.5592858782802272,0
2020-03-06 01:30:00,0,2,0,0.5592858782802272,0
2020-03-06 02:30:00,0,2,0,0.5592858782802272,0
2020-03-06 03:30:00,1,2,2,0.5592858782802272,0
2020-03-06 04:30:00,1,2,2,0.5592858782802272,0
2020-03-06 05:30:00,1,0,2,0.5592858782802272,0
2020-03-06 06:30:00,1,1,2,0.5592858782802272,0
2020-03-06 07:30:00,1,0,1,0.48378479608899566,0
2020-03-06 08:30:00,2,2,1,0.48378479608899566,0
2020-03-06 09:30:00,2,2,0,0.48378479608899566,0
2020-03-06 10:30:00,0,2,0,0.48378479608899566,0
2020-03-06 11:30:00,0,2,0,0.48378479608899566,0
2020-03-06 12:30:00,0,2,0,0.48378479608899566,0
2020-03-06 13:30:00,1,2,2,0.48378479608899566,0
2020-03-06 14:30:00,1,2,2,0.48378479608899566,0
2020-03-06 15:30:00,1,0,2,0.48378479608899566,0
2020-03-06 16:30:00,1,1,2,0.48378479608899566,0
2020-03-06 17:30:00,1,0,1,0.15939184563069908,0
2020-03-06 18:30:00,2,2,1,0.15939184563069908,0
2020-03-06 19:30:00,2,2,2,0.25580017730709326,0
2020-03-06 20:30:00,2,0,2,0.25580017730709326,0
2020-03-06 21:30:00,2,0,2,0.25580017730709326,0
2020-03-06 22:30:00,2,2,2,0.25580017730709326,0
2020-03-06 23:30:00,2,2,2,0.25580017730709326,0
2020-03-07 00:30:00,1,0,2,0.25580017730709326,0
2020-03-07 01:30:00,1,1,2,0.25580017730709326,0
2020-03-07 02:30:00,1,0,1,0.20580916698626872,0
2020-03-07 03:30:00,2,0,1,0.20580916698626872,0
2020-03-07 04:30:00,2,1,2,0.20580916698626872,0
2020-03-07 05:30:00,1,1,1,0.47057189747051803,0
2020-03-07 06:30:00,2,1,1,0.47057189747051803,0
2020-03-07 07:30:00,2,0,1,0.47057189747051803,0
2020-03-07 08:30:00,2,2,1,0.47057189747051803,0
2020-03-07 09:30:00,2,2,2,0.47057189747051803,0
2020-03-07 10:30:00,1,2,2,0.5177982887527381,0
2020-03-07 11:30:00,1,0,2,0.5177982887527381,0
2020-03-07 12:30:00,1,0,2,0.5177982887527381,0
2020-03-07 13:30:00,1,2,1,0.5177982887527381,0
2020-03-07 14:30:00,2,2,0,0.5177982887527381,0
2020-03-07 15:30:00,0,2,0,0.5177982887527381,0
2020-03-07 16:30:00,1,2,2,0.5177982887527381,0
2020-03-07 17:30:00,1,2,2,0.5177982887527381,0
2020-03-07 18:30:00,1,0,2,0.5177982887527381,0
2020-03-07 19:30:00,1,1,2,0.5177982887527381,0
2020-03-07 20:30:00,1,1,0,0.2921829594388363,0
2020-03-07 21:30:00,2,1,1,0.2921829594388363,0
2020-03-07 22:30:00,2,1,1,0.2921829594388363,0
2020-03-07 23:30:00,2,0,1,0.2921829594388363,0
2020-03-08 00:30:00,2,2,1,0.2921829594388363,0
2020-03-08 01:30:00,2,0,2,0.23057730986039182,0
2020-03-08 02:30:00,1,1,2,0.23057730986039182,0
2020-03-08 03:30:00,1,0,1,0.23057730986039182,0
2020-03-08 04:30:00,2,2,1,0.23057730986039182,0
2020-03-08 05:30:00,2,0,2,0.19531994479617332,0
2020-03-08 06:30:00,1,1,2,0.19531994479617332,0
2020-03-08 07:30:00,1,1,1,0.19531994479617332,0
2020-03-08 08:30:00,2,0,1,0.19531994479617332,0
2020-03-08 09:30:00,2,2,1,0.19531994479617332,0
2020-03-08 10:30:00,2,0,2,0.07528780792281965,0
2020-03-08 11:30:00,2,0,2,0.07528780792281965,0
2020-03-08 12:30:00,2,2,0,0.07528780792281965,0
2020-03-08 13:30:00,2,2,2,0.33574746886744494,0
2020-03-08 14:30:00,1,2,2,0.33574746886744494,0
2020-03-08 15:30:00,1,0,2,0.33574746886744494,0
2020-03-08 16:30:00,1,1,2,0.33574746886744494,0
2020-03-08 17:30:00,1,0,1,0.33574746886744494,0
2020-03-08 18:30:00,2,0,1,0.3781158249463417,0
2020-03-08 19:30:00,2,0,2,0.3781158249463417,0
2020-03-08 20:30:00,2,0,2,0.3781158249463417,0
2020-03-08 21:30:00,2,1,2,0.3781158249463417,0
2020-03-08 22:30:00,1,1,0,0.3781158249463417,0
2020-03-08 23:30:00,0,1,0,0.3781158249463417,0
2020-03-09 00:30:00,2,1,1,0.3781158249463417,0
2020-03-09 01:30:00,2,1,1,0.3781158249463417,0
2020-03-09 02:30:00,2,0,1,0.3781158249463417,0
2020-03-09 03:30:00,2,0,1,0.3781158249463417,0
2020-03-09 04:30:00,2,1,2,0.2902775868431,0
2020-03-09 05:30:00,1,1,1,0.2902775868431,0
2020-03-09 06:30:00,2,0,1,0.2902775868431,0
2020-03-09 07:30:00,2,2,1,0.2902775868431,0
2020-03-09 08:30:00,2,0,2,0.18934721486356043,0
2020-03-09 09:30:00,1,1,2,0.18934721486356043,0
2020-03-09 10:30:00,1,1,1,0.16100350598270463,0
2020-03-09 11:30:00,2,1,1,0.16100350598270463,0
2020-03-09 12:30:00,2,0,1,0.16100350598270463,0
2020-03-09 13:30:00,2,0,1,0.16100350598270463,0
2020-03-09 14:30:00,2,1,2,0.16100350598270463,0
2020-03-09 15:30:00,1,0,1,0.15253193146403543,0
2020-03-09 16:30:00,2,2,1,0.22927121103267822,0
2020-03-09 17:30:00,2,0,2,0.22927121103267822,0
2020-03-09 18:30:00,1,0,2,0.22927121103267822,0
2020-03-09 19:30:00,1,0,1,0.22927121103267822,0
2020-03-09 20:30:00,2,0,2,0.22927121103267822,0
2020-03-09 21:30:00,1,2,1,0.14300738424708292,0
2020-03-09 22:30:00,2,2,2,0.14300738424708292,0
2020-03-09 23:30:00,1,0,2,0.14300738424708292,0
2020-03-10 00:30:00,1,0,2,0.14300738424708292,0
2020-03-10 01:30:00,1,2,1,0.16886216000565213,0
2020-03-10 02:30:00,2,2,2,0.16886216000565213,0
2020-03-10 03:30:00,1,0,2,0.20813335468167704,0
2020-03-10 04:30:00,1,1,2,0.20813335468167704,0
2020-03-10 05:30:00,1,0,1,0.20813335468167704,0
2020-03-10 06:30:00,2,2,1,0.20813335468167704,0
2020-03-10 07:30:00,2,2,2,0.20813335468167704,0
2020-03-10 08:30:00,2,0,2,0.320874516486847,0
2020-03-10 09:30:00,2,0,2,0.320874516486847,0
2020-03-10 10:30:00,2,0,2,0.320874516486847,0
2020-03-10 11:30:00,2,1,2,0.320874516486847,0
2020-03-10 12:30:00,1,1,1,0.320874516486847,0
2020-03-10 13:30:00,2,0,1,0.320874516486847,0
2020-03-10 14:30:00,2,2,1,0.320874516486847,0
2020-03-10 15:30:00,2,0,2,0.2889975471038291,0
2020-03-10 16:30:00,1,1,2,0.2889975471038291,0
2020-03-10 17:30:00,1,0,1,0.2889975471038291,0
2020-03-10 18:30:00,2,0,1,0.2889975471038291,0
2020-03-10 19:30:00,2,1,2,0.2269030942566479,0
2020-03-10 20:30:00,1,1,1,0.2269030942566479,0
2020-03-10 21:30:00,2,0,1,0.2269030942566479,0
2020-03-10 22:30:00,2,2,1,0.2269030942566479,0
2020-03-10 23:30:00,2,2,2,0.2269030942566479,0
2020-03-11 00:30:00,1,0,2,0.2269030942566479,0
2020-03-11 01:30:00,1,1,2,0.2269030942566479,0
2020-03-11 02:30:00,1,0,1,0.1727738256960425,0
2020-03-11 03:30:00,2,2,1,0.1727738256960425,0
2020-03-11 04:30:00,2,0,2,0.4069393055933351,0
2020-03-11 05:30:00,1,1,2,0.4069393055933351,0
2020-03-11 06:30:00,1,0,1,0.4069393055933351,0
2020-03-11 07:30:00,2,2,1,0.4069393055933351,0
2020-03-11 08:30:00,2,2,0,0.4069393055933351,0
2020-03-11 09:30:00,1,2,2,0.4069393055933351,0
2020-03-11 10:30:00,1,2,2,0.4069393055933351,0
2020-03-11 11:30:00,-100,-100,-100,0.4069393055933351,1
2020-03-11 12:30:00,-100,-100,-100,0.4069393055933351,1
2020-03-11 13:30:00,-100,-100,-100,0.11163705336112262,1
2020-03-11 14:30:00,-100,-100,-100,0.08542064540468619,1
2020-03-11 15:30:00,1,0,1,0.08542064540468619,0
2020-03-11 16:30:00,2,1,2,0.5420302602828935,0
2020-03-11 17:30:00,1,1,1,0.5420302602828935,0
2020-03-11 18:30:00,2,0,1,0.5420302602828935,0
2020-03-11 19:30:00,2,2,1,0.5420302602828935,0
2020-03-11 20:30:00,2,2,0,0.5420302602828935,0
2020-03-11 21:30:00,0,2,2,0.5420302602828935,0
2020-03-11 22:30:00,2,2,2,0.5420302602828935,0
2020-03-11 23:30:00,2,0,2,0.5420302602828935,0
2020-03-12 00:30:00,2,0,2,0.5420302602828935,0
2020-03-12 01:30:00,2,0,2,0.2355057512188834,0
2020-03-12 02:30:00,2,0,2,0.3934668026484039,0
2020-03-12 03:30:00,1,0,1,0.3934668026484039,0
2020-03-12 04:30:00,2,0,2,0.3934668026484039,0
2020-03-12 05:30:00,2,2,0,0.3934668026484039,0
2020-03-12 06:30:00,2,2,2,0.3934668026484039,0
2020-03-12 07:30:00,1,2,2,0.3934668026484039,0
2020-03-12 08:30:00,1,0,2,0.3934668026484039,0
2020-03-12 09:30:00,1,1,2,0.3934668026484039,0
2020-03-12 10:30:00,1,0,1,0.2142442447535391,0
2020-03-12 11:30:00,2,0,1,0.30912133597607294,0
2020-03-12 12:30:00,2,1,2,0.30912133597607294,0
2020-03-12 13:30:00,1,0,1,0.30912133597607294,0
2020-03-12 14:30:00,2,2,1,0.30912133597607294,0
2020-03-12 15:30:00,2,2,2,0.30912133597607294,0
2020-03-12 16:30:00,1,0,2,0.30912133597607294,0
2020-03-12 17:30:00,1,0,2,0.30912133597607294,0
2020-03-12 18:30:00,1,2,1,0.21306461594933257,0
2020-03-12 19:30:00,2,2,0,0.21306461594933257,0
2020-03-12 20:30:00,1,2,2,0.21306461594933257,0
2020-03-12 21:30:00,1,2,2,0.21306461594933257,0
2020-03-12 22:30:00,1,0,2,0.21306461594933257,0
2020-03-12 23:30:00,1,0,2,0.21306461594933257,0
2020-03-13 00:30:00,1,0,1,0.2096706954571408,0
2020-03-13 01:30:00,2,0,2,0.32878459719409664,0
2020-03-13 02:30:00,1,2,1,0.32878459719409664,0
2020-03-13 03:30:00,2,0,2,0.32878459719409664,0
2020-03-13 04:30:00,1,1,2,0.38528068087049056,0
2020-03-13 05:30:00,1,1,1,0.38528068087049056,0
2020-03-13 06:30:00,2,0,1,0.38528068087049056,0
2020-03-13 07:30:00,2,2,1,0.38528068087049056,0
2020-03-13 08:30:00,2,2,0,0.38528068087049056,0
2020-03-13 09:30:00,0,2,0,0.38528068087049056,0
2020-03-13 10:30:00,0,2,0,0.38528068087049056,0
2020-03-13 11:30:00,0,2,0,0.38528068087049056,0
2020-03-13 12:30:00,0,2,0,0.38528068087049056,0
2020-03-13 13:30:00,1,2,2,0.38528068087049056,0
2020-03-13 14:30:00,1,2,2,0.38528068087049056,0
2020-03-13 15:30:00,1,0,2,0.38528068087049056,0
2020-03-13 16:30:00,1,0,2,0.38528068087049056,0
2020-03-13 17:30:00,1,2,1,0.2784107274494234,0
2020-03-13 18:30:00,2,2,0,0.2784107274494234,0
2020-03-13 19:30:00,1,2,2,0.2784107274494234,0
2020-03-13 20:30:00,1,2,2,0.2784107274494234,0
2020-03-13 21:30:00,1,0,2,0.2784107274494234,0
2020-03-13 22:30:00,1,1,2,0.2784107274494234,0
2020-03-13 23:30:00,1,0,1,0.20400762012682083,0
2020-03-14 00:30:00,2,0,1,0.20400762012682083,0
2020-03-14 01:30:00,2,0,2,0.1338941442439383,0
2020-03-14 02:30:00,1,2,1,0.1338941442439383,0
2020-03-14 03:30:00,2,0,2,0.1338941442439383,0
2020-03-14 04:30:00,2,0,2,0.27713730501768996,0
2020-03-14 05:30:00,2,0,2,0.27713730501768996,0
2020-03-14 06:30:00,2,0,2,0.27713730501768996,0
2020-03-14 07:30:00,1,2,1,0.27713730501768996,0
2020-03-14 08:30:00,2,2,2,0.6234718993005588,0
2020-03-14 09:30:00,1,2,2,0.6234718993005588,0
2020-03-14 10:30:00,1,0,2,0.6234718993005588,0
2020-03-14 11:30:00,1,1,2,0.6234718993005588,0
2020-03-14 12:30:00,1,1,1,0.7759517999260028,0
2020-03-14 13:30:00,2,1,1,0.7759517999260028,0
2020-03-14 14:30:00,2,0,1,0.7759517999260028,0
2020-03-14 15:30:00,2,2,1,0.7759517999260028,0
2020-03-14 16:30:00,2,2,0,0.7759517999260028,0
2020-03-14 17:30:00,0,2,0,0.7759517999260028,0
2020-03-14 18:30:00,0,2,0,0.7759517999260028,0
2020-03-14 19:30:00,0,2,0,0.7759517999260028,0
2020-03-14 20:30:00,0,2,0,0.7759517999260028,0
2020-03-14 21:30:00,1,2,2,0.7759517999260028,0
2020-03-14 22:30:00,-100,-100,-100,0.7759517999260028,1
2020-03-14 23:30:00,-100,-100,-100,0.7759517999260028,1
2020-03-15 00:30:00,-100,-100,-100,0.7759517999260028,1
2020-03-15 01:30:00,-100,-100,-100,0.3013538722862368,1
2020-03-15 02:30:00,2,0,2,0.3013538722862368,0
2020-03-15 03:30:00,1,2,1,0.3344556179279606,0
2020-03-15 04:30:00,2,2,2,0.3344556179279606,0
2020-03-15 05:30:00,1,0,2,0.3344556179279606,0
2020-03-15 06:30:00,1,1,2,0.3344556179279606,0
2020-03-15 07:30:00,1,1,1,0.3344556179279606,0
2020-03-15 08:30:00,2,0,1,0.3344556179279606,0
2020-03-15 09:30:00,2,0,1,0.3344556179279606,0
2020-03-15 10:30:00,2,0,2,0.24837645155280352,0
2020-03-15 11:30:00,2,0,2,0.24837645155280352,0
2020-03-15 12:30:00,2,1,2,0.3682263618291631,0
2020-03-15 13:30:00,1,1,1,0.3682263618291631,0
2020-03-15 14:30:00,2,0,1,0.3682263618291631,0
2020-03-15 15:30:00,2,2,1,0.3682263618291631,0
2020-03-15 16:30:00,2,0,2,0.3682263618291631,0
2020-03-15 17:30:00,1,1,2,0.3682263618291631,0
2020-03-15 18:30:00,1,1,1,0.3221639140654036,0
2020-03-15 19:30:00,2,0,1,0.3221639140654036,0
2020-03-15 20:30:00,2,0,1,0.3221639140654036,0
2020-03-15 21:30:00,2,1,2,0.17009114876610987,0
2020-03-15 22:30:00,1,0,1,0.17009114876610987,0
2020-03-15 23:30:00,2,2,1,0.4402484370537501,0
2020-03-16 00:30:00,2,0,2,0.4402484370537501,0
2020-03-16 01:30:00,2,0,2,0.4402484370537501,0
2020-03-16 02:30:00,2,2,0,0.4402484370537501,0
2020-03-16 03:30:00,2,2,0,0.4402484370537501,0
2020-03-16 04:30:00,0,2,0,0.4402484370537501,0
2020-03-16 05:30:00,0,2,0,0.4402484370537501,0
2020-03-16 06:30:00,0,2,0,0.4402484370537501,0
2020-03-16 07:30:00,1,2,2,0.4402484370537501,0
2020-03-16 08:30:00,1,2,2,0.4402484370537501,0
2020-03-16 09:30:00,1,0,2,0.4402484370537501,0
2020-03-16 10:30:00,1,0,2,0.4402484370537501,0
2020-03-16 11:30:00,1,2,1,0.277520155042315,0
2020-03-16 12:30:00,2,2,2,0.277520155042315,0
2020-03-16 13:30:00,1,2,2,0.277520155042315,0
2020-03-16 14:30:00,1,0,2,0.277520155042315,0
2020-03-16 15:30:00,1,1,2,0.277520155042315,0
2020-03-16 16:30:00,1,1,1,0.44379080907559315,0
2020-03-16 17:30:00,2,1,1,0.44379080907559315,0
2020-03-16 18:30:00,2,0,1,0.44379080907559315,0
2020-03-16 19:30:00,2,2,1,0.44379080907559315,0
2020-03-16 20:30:00,2,0,2,0.44379080907559315,0
2020-03-16 21:30:00,-100,-100,-100,0.44379080907559315,1
2020-03-16 22:30:00,-100,-100,-100,0.22770768488420234,1
2020-03-16 23:30:00,-100,-100,-100,0.22770768488420234,1
2020-03-17 00:30:00,-100,-100,-100,0.22770768488420234,1
2020-03-17 01:30:00,2,1,2,0.2618503305064639,0
2020-03-17 02:30:00,1,1,1,0.2618503305064639,0
2020-03-17 03:30:00,2,0,1,0.29317268255746587,0
2020-03-17 04:30:00,2,2,1,0.29317268255746587,0
2020-03-17 05:30:00,2,0,2,0.29317268255746587,0
2020-03-17 06:30:00,1,1,2,0.29317268255746587,0
2020-03-17 07:30:00,1,1,1,0.34315665347297847,0
2020-03-17 08:30:00,2,0,1,0.34315665347297847,0
2020-03-17 09:30:00,2,0,1,0.34315665347297847,0
2020-03-17 10:30:00,2,1,2,0.34315665347297847,0
2020-03-17 11:30:00,1,1,1,0.34315665347297847,0
2020-03-17 12:30:00,2,0,1,0.34315665347297847,0
2020-03-17 13:30:00,2,2,1,0.34315665347297847,0
2020-03-17 14:30:00,2,0,2,0.11248563891705743,0
2020-03-17 15:30:00,1,1,2,0.13358676964492044,0
2020-03-17 16:30:00,1,0,1,0.13358676964492044,0
2020-03-17 17:30:00,2,0,1,0.13358676964492044,0
2020-03-17 18:30:00,2,1,2,0.13358676964492044,0
2020-03-17 19:30:00,1,1,1,0.13358676964492044,0
2020-03-17 20:30:00,1,1,1,0.15298026328865166,0
2020-03-17 21:30:00,-100,-100,-100,0.15410240969619338,1
2020-03-17 22:30:00,-100,-100,-100,0.15410240969619338,1
2020-03-17 23:30:00,-100,-100,-100,0.15410240969619338,1
2020-03-18 00:30:00,-100,-100,-100,0.15410240969619338,1
2020-03-18 01:30:00,2,0,2,0.7290697809516304,0
2020-03-18 02:30:00,1,1,2,0.7290697809516304,0
2020-03-18 03:30:00,1,0,1,0.7290697809516304,0
2020-03-18 04:30:00,2,2,1,0.7290697809516304,0
2020-03-18 05:30:00,2,2,0,0.7290697809516304,0
2020-03-18 06:30:00,0,2,0,0.7290697809516304,0
2020-03-18 07:30:00,1,2,2,0.7290697809516304,0
2020-03-18 08:30:00,-100,-100,-100,0.7290697809516304,1
2020-03-18 09:30:00,-100,-100,-100,0.7290697809516304,1
2020-03-18 10:30:00,-100,-100,-100,0.7290697809516304,1
2020-03-18 11:30:00,-100,-100,-100,0.11938291892166486,1
2020-03-18 12:30:00,2,2,2,0.11938291892166486,0
2020-03-18 13:30:00,1,0,2,0.11938291892166486,0
2020-03-18 14:30:00,1,1,2,0.11938291892166486,0
2020-03-18 15:30:00,1,0,1,0.15330425330356157,0
2020-03-18 16:30:00,2,2,1,0.15330425330356157,0
2020-03-18 17:30:00,-100,-100,-100,0.15330425330356157,1
2020-03-18 18:30:00,-100,-100,-100,0.15330425330356157,1
2020-03-18 19:30:00,-100,-100,-100,0.15330425330356157,1
2020-03-18 20:30:00,-100,-100,-100,0.3245063605746595,1
2020-03-18 21:30:00,2,0,2,0.3245063605746595,0
2020-03-18 22:30:00,1,0,1,0.3245063605746595,0
2020-03-18 23:30:00,2,1,2,0.3245063605746595,0
2020-03-19 00:30:00,1,1,1,0.3245063605746595,0
2020-03-19 01:30:00,1,1,1,0.3245063605746595,0
2020-03-19 02:30:00,1,0,1,0.3245063605746595,0
2020-03-19 03:30:00,1,0,1,0.3245063605746595,0
2020-03-19 04:30:00,1,0,1,0.11250955911868576,0
2020-03-19 05:30:00,1,0,1,0.6100545271857865,0
2020-03-19 06:30:00,1,1,1,0.6100545271857865,0
2020-03-19 07:30:00,1,0,1,0.6100545271857865,0
2020-03-19 08:30:00,2,2,1,0.6100545271857865,0
2020-03-19 09:30:00,2,2,0,0.6100545271857865,0
2020-03-19 10:30:00,1,2,2,0.6100545271857865,0
2020-03-19 11:30:00,1,2,2,0.6100545271857865,0
2020-03-19 12:30:00,1,0,2,0.6100545271857865,0
2020-03-19 13:30:00,1,1,2,0.6100545271857865,0
2020-03-19 14:30:00,1,1,1,0.4553420047269557,0
2020-03-19 15:30:00,2,0,1,0.4553420047269557,0
2020-03-19 16:30:00,2,0,1,0.4553420047269557,0
2020-03-19 17:30:00,2,1,2,0.26149899802413934,0
2020-03-19 18:30:00,1,0,1,0.26149899802413934,0
2020-03-19 19:30:00,2,2,1,0.26149899802413934,0
2020-03-19 20:30:00,2,2,2,0.26149899802413934,0
2020-03-19 21:30:00,2,0,2,0.26149899802413934,0
2020-03-19 22:30:00,2,0,2,0.26149899802413934,0
2020-03-19 23:30:00,-100,-100,-100,0.1704065306169671,1
2020-03-20 00:30:00,-100,-100,-100,0.1704065306169671,1
2020-03-20 01:30:00,-100,-100,-100,0.7772359773830866,1
2020-03-20 02:30:00,-100,-100,-100,0.7772359773830866,1
2020-03-20 03:30:00,1,0,1,0.7772359773830866,0
2020-03-20 04:30:00,2,2,1,0.7772359773830866,0
2020-03-20 05:30:00,2,2,0,0.7772359773830866,0
2020-03-20 06:30:00,0,2,0,0.7772359773830866,0
2020-03-20 07:30:00,1,2,2,0.7772359773830866,0
2020-03-20 08:30:00,1,2,2,0.7772359773830866,0
2020-03-20 09:30:00,1,0,2,0.7772359773830866,0
2020-03-20 10:30:00,1,0,2,0.7772359773830866,0
2020-03-20 11:30:00,1,2,1,0.2516848202487525,0
2020-03-20 12:30:00,2,2,2,0.2516848202487525,0
2020-03-20 13:30:00,1,0,2,0.2516848202487525,0
2020-03-20 14:30:00,1,1,2,0.2516848202487525,0
2020-03-20 15:30:00,1,1,1,0.2516848202487525,0
2020-03-20 16:30:00,2,1,1,0.2516848202487525,0
2020-03-20 17:30:00,2,0,1,0.2516848202487525,0
2020-03-20 18:30:00,2,0,1,0.2516848202487525,0
2020-03-20 19:30:00,-100,-100,-100,0.12676346674279237,1
2020-03-20 20:30:00,-100,-100,-100,0.08035028540266431,1
2020-03-20 21:30:00,-100,-100,-100,0.11507218844690126,1
2020-03-20 22:30:00,-100,-100,-100,0.11507218844690126,1
2020-03-20 23:30:00,1,0,1,0.348317739059894,0
2020-03-21 00:30:00,2,1,2,0.348317739059894,0
2020-03-21 01:30:00,1,0,1,0.4487267862368754,0
2020-03-21 02:30:00,2,0,1,0.4487267862368754,0
2020-03-21 03:30:00,2,0,2,0.4487267862368754,0
2020-03-21 04:30:00,1,2,1,0.4487267862368754,0
2020-03-21 05:30:00,2,0,2,0.4487267862368754,0
2020-03-21 06:30:00,1,0,2,0.4487267862368754,0
2020-03-21 07:30:00,1,2,1,0.3533027611172895,0
2020-03-21 08:30:00,2,2,2,0.3533027611172895,0
2020-03-21 09:30:00,1,0,2,0.3533027611172895,0
2020-03-21 10:30:00,1,0,2,0.35576804395928635,0
2020-03-21 11:30:00,1,0,1,0.35576804395928635,0
2020-03-21 12:30:00,2,0,2,0.35576804395928635,0
2020-03-21 13:30:00,1,2,1,0.35576804395928635,0
2020-03-21 14:30:00,2,2,2,0.35576804395928635,0
2020-03-21 15:30:00,1,2,2,0.35576804395928635,0
2020-03-21 16:30:00,1,0,2,0.37735833879993846,0
2020-03-21 17:30:00,1,1,2,0.37735833879993846,0
2020-03-21 18:30:00,1,0,1,0.37735833879993846,0
2020-03-21 19:30:00,2,2,1,0.37735833879993846,0
2020-03-21 20:30:00,-100,-100,-100,0.37735833879993846,1
2020-03-21 21:30:00,-100,-100,-100,0.37735833879993846,1
2020-03-21 22:30:00,-100,-100,-100,1.6782304121500173,1
2020-03-21 23:30:00,-100,-100,-100,1.6782304121500173,1
2020-03-22 00:30:00,2,0,2,1.6782304121500173,0
2020-03-22 01:30:00,1,2,1,1.6782304121500173,0
2020-03-22 02:30:00,2,2,0,1.6782304121500173,0
2020-03-22 03:30:00,0,2,0,1.6782304121500173,0
2020-03-22 04:30:00,0,2,0,1.6782304121500173,0
2020-03-22 05:30:00,0,2,0,1.6782304121500173,0
2020-03-22 06:30:00,0,2,0,1.6782304121500173,0
2020-03-22 07:30:00,0,2,0,1.6782304121500173,0
2020-03-22 08:30:00,0,2,0,1.6782304121500173,0
2020-03-22 09:30:00,0,2,0,1.6782304121500173,0
2020-03-22 10:30:00,0,2,0,1.6782304121500173,0
2020-03-22 11:30:00,1,2,2,1.6782304121500173,0
2020-03-22 12:30:00,1,2,2,1.6782304121500173,0
2020-03-22 13:30:00,1,0,2,1.6782304121500173,0
2020-03-22 14:30:00,1,1,2,1.6782304121500173,0
2020-03-22 15:30:00,1,1,1,0.3280962300041628,0
2020-03-22 16:30:00,2,0,1,0.3280962300041628,0
2020-03-22 17:30:00,2,2,1,0.3280962300041628,0
2020-03-22 18:30:00,2,0,2,0.3280962300041628,0
2020-03-22 19:30:00,2,0,2,0.3280962300041628,0
2020-03-22 20:30:00,2,0,2,0.28196818746165686,0
2020-03-22 21:30:00,2,0,2,0.28196818746165686,0
2020-03-22 22:30:00,1,2,1,0.28196818746165686,0
2020-03-22 23:30:00,2,2,2,0.28196818746165686,0
2020-03-23 00:30:00,2,0,2,0.28196818746165686,0
2020-03-23 01:30:00,2,0,2,0.28196818746165686,0
2020-03-23 02:30:00,2,2,0,0.2575983973680067,0
2020-03-23 03:30:00,2,2,2,0.2575983973680067,0
2020-03-23 04:30:00,1,2,2,0.2575983973680067,0
2020-03-23 05:30:00,1,0,2,0.2575983973680067,0
2020-03-23 06:30:00,1,1,2,0.2575983973680067,0
2020-03-23 07:30:00,1,0,1,0.09963294828574654,0
2020-03-23 08:30:00,2,2,1,0.09963294828574654,0
2020-03-23 09:30:00,2,0,2,0.09963294828574654,0
2020-03-23 10:30:00,1,0,2,0.24500706458232813,0
2020-03-23 11:30:00,1,2,1,0.24500706458232813,0
2020-03-23 12:30:00,2,0,2,0.24500706458232813,0
2020-03-23 13:30:00,1,1,2,0.24500706458232813,0
2020-03-23 14:30:00,1,0,1,0.2596455208415165,0
2020-03-23 15:30:00,2,0,1,0.34095992083249366,0
2020-03-23 16:30:00,2,0,2,0.34095992083249366,0
2020-03-23 17:30:00,1,0,1,0.34095992083249366,0
2020-03-23 18:30:00,2,1,2,0.34095992083249366,0
2020-03-23 19:30:00,1,1,1,0.34095992083249366,0
2020-03-23 20:30:00,2,1,1,0.34095992083249366,0
2020-03-23 21:30:00,2,0,1,0.34095992083249366,0
2020-03-23 22:30:00,2,2,1,0.34095992083249366,0
2020-03-23 23:30:00,2,2,0,0.2532601857710963,0
2020-03-24 00:30:00,0,2,2,0.2532601857710963,0
2020-03-24 01:30:00,2,2,2,0.41791588000621266,0
2020-03-24 02:30:00,2,0,2,0.41791588000621266,0
2020-03-24 03:30:00,2,0,2,0.41791588000621266,0
2020-03-24 04:30:00,-100,-100,-100,0.41791588000621266,1
2020-03-24 05:30:00,-100,-100,-100,0.41791588000621266,1
2020-03-24 06:30:00,-100,-100,-100,0.41791588000621266,1
2020-03-24 07:30:00,-100,-100,-100,0.41791588000621266,1
2020-03-24 08:30:00,1,1,0,0.4153797337139081,0
2020-03-24 09:30:00,0,1,0,0.4153797337139081,0
2020-03-24 10:30:00,0,1,0,0.4153797337139081,0
2020-03-24 11:30:00,2,1,1,0.4153797337139081,0
2020-03-24 12:30:00,2,1,1,0.4153797337139081,0
2020-03-24 13:30:00,2,0,1,0.4153797337139081,0
2020-03-24 14:30:00,2,2,1,0.4153797337139081,0
2020-03-24 15:30:00,2,0,2,0.3060212274161671,0
2020-03-24 16:30:00,1,0,2,0.3060212274161671,0
