time,open,high,low,close,volume,quote_volume,trades,taker_buy_base,taker_buy_quote,close_time,amount
2025-05-01 00:00:00+00:00,0.17217,0.17351,0.17199,0.17295,92257474,15933957.5339,42825,42418570,7327168.04633,2025-05-01 00:59:59.999000+00:00,15933957.5339
2025-05-01 01:00:00+00:00,0.17295,0.1744,0.17295,0.1743,118001995,20517627.28297,46856,64292344,11180452.63579,2025-05-01 01:59:59.999000+00:00,20517627.28297
2025-05-01 02:00:00+00:00,0.1743,0.17536,0.17397,0.17426,165195846,28875868.81575,60345,89484159,15644946.34098,2025-05-01 02:59:59.999000+00:00,28875868.81575
2025-05-01 03:00:00+00:00,0.17427,0.17507,0.17376,0.17399,131636154,22952187.8871,44433,60031220,10468050.09241,2025-05-01 03:59:59.999000+00:00,22952187.8871
2025-05-01 04:00:00+00:00,0.174,0.17439,0.17357,0.17425,74640587,12985510.18989,33176,40030028,6964904.38265,2025-05-01 04:59:59.999000+00:00,12985510.18989
2025-05-01 05:00:00+00:00,0.17426,0.17545,0.17417,0.17519,95657764,16729470.75191,38498,48102172,8413156.50504,2025-05-01 05:59:59.999000+00:00,16729470.75191
2025-05-01 06:00:00+00:00,0.1752,0.17539,0.17426,0.17476,77485122,13550325.52188,34154,34713251,6070600.62546,2025-05-01 06:59:59.999000+00:00,13550325.52188
2025-05-01 07:00:00+00:00,0.17476,0.17547,0.17447,0.17523,66714101,11681841.70004,29270,35648567,6242555.95463,2025-05-01 07:59:59.999000+00:00,11681841.70004
2025-05-01 08:00:00+00:00,0.17522,0.17642,0.17493,0.17609,129561268,22781164.21624,46900,70638697,12422038.02644,2025-05-01 08:59:59.999000+00:00,22781164.21624
2025-05-01 09:00:00+00:00,0.17609,0.17747,0.17566,0.17681,119084012,21027602.39336,42388,61119777,10794103.48615,2025-05-01 09:59:59.999000+00:00,21027602.39336
2025-05-01 10:00:00+00:00,0.1768,0.17935,0.17674,0.17855,338353110,60336149.2964,92493,176808733,31529560.82597,2025-05-01 10:59:59.999000+00:00,60336149.2964
2025-05-01 11:00:00+00:00,0.17855,0.1795,0.17791,0.17929,296063096,52927699.93857,72850,145437049,26001615.86027,2025-05-01 11:59:59.999000+00:00,52927699.93857
2025-05-01 12:00:00+00:00,0.17928,0.17983,0.1785,0.17889,174985407,31348664.42439,52949,77626479,13910996.17565,2025-05-01 12:59:59.999000+00:00,31348664.42439
2025-05-01 13:00:00+00:00,0.1789,0.17927,0.17673,0.17682,336644381,59899642.71364,95600,164903289,29350789.16434,2025-05-01 13:59:59.999000+00:00,59899642.71364
2025-05-01 14:00:00+00:00,0.17683,0.18165,0.17683,0.18138,326566495,58473952.79341,111487,180279503,32279016.13197,2025-05-01 14:59:59.999000+00:00,58473952.79341
2025-05-01 15:00:00+00:00,0.18138,0.18245,0.18019,0.18054,389657611,70674078.88946,123996,191129035,34671741.04074,2025-05-01 15:59:59.999000+00:00,70674078.88946
2025-05-01 16:00:00+00:00,0.18053,0.18294,0.18053,0.18177,231850920,42186675.33828,75142,118188236,21498653.59364,2025-05-01 16:59:59.999000+00:00,42186675.33828
2025-05-01 17:00:00+00:00,0.18176,0.18329,0.1813,0.18188,264445288,48181129.46545,67800,132319739,24112208.20802,2025-05-01 17:59:59.999000+00:00,48181129.46545
2025-05-01 18:00:00+00:00,0.18188,0.18206,0.18065,0.18196,159212871,28878726.63979,57772,80805591,14657702.68704,2025-05-01 18:59:59.999000+00:00,28878726.63979
2025-05-01 19:00:00+00:00,0.18197,0.182,0.18039,0.1806,144364007,26169851.82775,46820,64151267,11629912.58449,2025-05-01 19:59:59.999000+00:00,26169851.82775
2025-05-01 20:00:00+00:00,0.1806,0.18108,0.17995,0.1805,126788215,22881940.17259,46538,61194723,11045010.20717,2025-05-01 20:59:59.999000+00:00,22881940.17259
2025-05-01 21:00:00+00:00,0.18049,0.18229,0.18048,0.1813,97674662,17729244.12365,45064,55431736,10061672.58481,2025-05-01 21:59:59.999000+00:00,17729244.12365
2025-05-01 22:00:00+00:00,0.1813,0.18236,0.18114,0.18152,107703008,19563241.65198,45476,53387923,9700198.20175,2025-05-01 22:59:59.999000+00:00,19563241.65198
2025-05-01 23:00:00+00:00,0.18151,0.18171,0.18022,0.18057,111293061,20108952.53382,43907,51955651,9388334.95924,2025-05-01 23:59:59.999000+00:00,20108952.53382
2025-05-02 00:00:00+00:00,0.18057,0.18244,0.1797,0.18169,240559529,43528729.12679,84090,116858137,21152172.41024,2025-05-02 00:59:59.999000+00:00,43528729.12679
2025-05-02 01:00:00+00:00,0.18168,0.18274,0.18071,0.18137,170083150,30904557.82141,68578,81639989,14834223.21498,2025-05-02 01:59:59.999000+00:00,30904557.82141
2025-05-02 02:00:00+00:00,0.18138,0.18415,0.18073,0.18355,222565696,40655044.8298,92564,132837113,24273498.59941,2025-05-02 02:59:59.999000+00:00,40655044.8298
2025-05-02 03:00:00+00:00,0.18354,0.1844,0.18231,0.18235,158765874,29108268.08435,60426,74982725,13752726.50768,2025-05-02 03:59:59.999000+00:00,29108268.08435
2025-05-02 04:00:00+00:00,0.18235,0.18283,0.1806,0.18103,211342673,38375822.86698,66869,100671896,18272771.04317,2025-05-02 04:59:59.999000+00:00,38375822.86698
2025-05-02 05:00:00+00:00,0.18104,0.18134,0.17997,0.18016,180590063,32636234.05509,47775,68898280,12451055.31229,2025-05-02 05:59:59.999000+00:00,32636234.05509
2025-05-02 06:00:00+00:00,0.18016,0.18091,0.17968,0.18034,168063552,30277388.09313,55321,94451749,17015755.46614,2025-05-02 06:59:59.999000+00:00,30277388.09313
2025-05-02 07:00:00+00:00,0.18034,0.18063,0.17907,0.17927,147869644,26573651.41449,56180,57924146,10410992.00978,2025-05-02 07:59:59.999000+00:00,26573651.41449
2025-05-02 08:00:00+00:00,0.17927,0.18054,0.17922,0.18026,107706752,19398945.61028,43141,59059372,10638505.50652,2025-05-02 08:59:59.999000+00:00,19398945.61028
2025-05-02 09:00:00+00:00,0.18026,0.18073,0.17975,0.17998,71949852,12967524.84643,37954,42154237,7597591.62572,2025-05-02 09:59:59.999000+00:00,12967524.84643
2025-05-02 10:00:00+00:00,0.17999,0.18068,0.17993,0.18046,121001824,21823118.68057,39248,53245874,9604410.30738,2025-05-02 10:59:59.999000+00:00,21823118.68057
2025-05-02 11:00:00+00:00,0.18046,0.18159,0.18046,0.18082,124521934,22551266.91207,46773,70232741,12721004.92325,2025-05-02 11:59:59.999000+00:00,22551266.91207
2025-05-02 12:00:00+00:00,0.18082,0.18219,0.17995,0.18194,228747954,41448409.55755,81265,105874193,19187625.51545,2025-05-02 12:59:59.999000+00:00,41448409.55755
2025-05-02 13:00:00+00:00,0.18194,0.18215,0.18079,0.18092,188502498,34201767.67131,70764,95696186,17361645.51084,2025-05-02 13:59:59.999000+00:00,34201767.67131
2025-05-02 14:00:00+00:00,0.18093,0.1828,0.18078,0.18236,224822821,40897590.52919,82112,114178458,20767371.0746,2025-05-02 14:59:59.999000+00:00,40897590.52919
2025-05-02 15:00:00+00:00,0.18236,0.18254,0.18008,0.18138,203974734,36965474.46002,68466,94956847,17210343.26623,2025-05-02 15:59:59.999000+00:00,36965474.46002
2025-05-02 16:00:00+00:00,0.18138,0.18412,0.18138,0.18229,368471327,67513247.95249,110090,186219243,34103631.6008,2025-05-02 16:59:59.999000+00:00,67513247.95249
2025-05-02 17:00:00+00:00,0.18228,0.18244,0.18109,0.1813,143439496,26077462.34366,54717,74613057,13564367.05645,2025-05-02 17:59:59.999000+00:00,26077462.34366
2025-05-02 18:00:00+00:00,0.18129,0.18189,0.18048,0.1807,105631131,19145694.09787,46476,53304936,9661429.80253,2025-05-02 18:59:59.999000+00:00,19145694.09787
2025-05-02 19:00:00+00:00,0.1807,0.1807,0.17946,0.17993,142000235,25576039.91515,51715,72742161,13104112.76117,2025-05-02 19:59:59.999000+00:00,25576039.91515
2025-05-02 20:00:00+00:00,0.17993,0.18129,0.1797,0.18129,78369310,14152524.89431,35593,45393258,8196084.30365,2025-05-02 20:59:59.999000+00:00,14152524.89431
2025-05-02 21:00:00+00:00,0.18129,0.18233,0.18044,0.18083,100424688,18225421.56857,46678,49988839,9072055.8893,2025-05-02 21:59:59.999000+00:00,18225421.56857
2025-05-02 22:00:00+00:00,0.18084,0.18139,0.1805,0.18089,70851938,12818414.40814,33942,32227180,5830675.32741,2025-05-02 22:59:59.999000+00:00,12818414.40814
2025-05-02 23:00:00+00:00,0.18089,0.1815,0.18071,0.18142,61366335,11114009.42485,26838,26644231,4825642.73993,2025-05-02 23:59:59.999000+00:00,11114009.42485
2025-05-03 00:00:00+00:00,0.18143,0.18212,0.18095,0.18129,133400883,24228847.41106,42704,46603787,8464111.63265,2025-05-03 00:59:59.999000+00:00,24228847.41106
2025-05-03 01:00:00+00:00,0.18128,0.18145,0.1799,0.18019,122536759,22106352.603,46796,55148392,9948587.12997,2025-05-03 01:59:59.999000+00:00,22106352.603
2025-05-03 02:00:00+00:00,0.18019,0.18163,0.18013,0.18108,83052131,15028029.77729,37467,37703121,6820203.22314,2025-05-03 02:59:59.999000+00:00,15028029.77729
2025-05-03 03:00:00+00:00,0.18108,0.18163,0.1802,0.18027,76779280,13882055.48549,36101,34599693,6257028.52732,2025-05-03 03:59:59.999000+00:00,13882055.48549
2025-05-03 04:00:00+00:00,0.18026,0.18088,0.17999,0.18052,129782617,23410276.43703,37528,57981565,10461453.9901,2025-05-03 04:59:59.999000+00:00,23410276.43703
2025-05-03 05:00:00+00:00,0.18051,0.18059,0.17992,0.17999,49099112,8849682.46304,24553,22239981,4009104.97606,2025-05-03 05:59:59.999000+00:00,8849682.46304
2025-05-03 06:00:00+00:00,0.17999,0.18004,0.17832,0.17871,165157969,29557506.32573,54336,72677986,13008758.77579,2025-05-03 06:59:59.999000+00:00,29557506.32573
2025-05-03 07:00:00+00:00,0.1787,0.17931,0.17818,0.17883,122075016,21818100.54818,40171,75630592,13523390.86719,2025-05-03 07:59:59.999000+00:00,21818100.54818
2025-05-03 08:00:00+00:00,0.17883,0.17958,0.17834,0.17901,82769829,14816057.0145,33376,38396643,6872570.55159,2025-05-03 08:59:59.999000+00:00,14816057.0145
2025-05-03 09:00:00+00:00,0.17901,0.17947,0.17863,0.1793,84737294,15175725.66163,29632,47971292,8591363.962,2025-05-03 09:59:59.999000+00:00,15175725.66163
2025-05-03 10:00:00+00:00,0.1793,0.17935,0.17727,0.17744,166208338,29627681.52342,51390,69096310,12324293.18797,2025-05-03 10:59:59.999000+00:00,29627681.52342
2025-05-03 11:00:00+00:00,0.17744,0.17848,0.1773,0.178,122275857,21758025.38243,42734,65670371,11685961.84112,2025-05-03 11:59:59.999000+00:00,21758025.38243
2025-05-03 12:00:00+00:00,0.17801,0.17871,0.17774,0.17834,88049390,15698954.79765,31869,44032083,7850385.64699,2025-05-03 12:59:59.999000+00:00,15698954.79765
2025-05-03 13:00:00+00:00,0.17835,0.17892,0.17825,0.17872,86062028,15371640.10699,34410,46047649,8225175.86911,2025-05-03 13:59:59.999000+00:00,15371640.10699
2025-05-03 14:00:00+00:00,0.17871,0.17899,0.17789,0.17857,112136812,20015883.80776,35736,45850892,8183468.78431,2025-05-03 14:59:59.999000+00:00,20015883.80776
2025-05-03 15:00:00+00:00,0.17857,0.17948,0.17823,0.17842,112561425,20150184.76323,36831,62098703,11118933.91431,2025-05-03 15:59:59.999000+00:00,20150184.76323
2025-05-03 16:00:00+00:00,0.17842,0.17847,0.17627,0.17701,203638065,36070312.14299,61687,94388932,16718749.03594,2025-05-03 16:59:59.999000+00:00,36070312.14299
2025-05-03 17:00:00+00:00,0.17702,0.17713,0.17521,0.17644,273039804,48042710.56655,78930,144317315,25396621.40024,2025-05-03 17:59:59.999000+00:00,48042710.56655
2025-05-03 18:00:00+00:00,0.17644,0.1773,0.17583,0.17616,103257209,18230939.35916,45850,52738964,9315003.13053,2025-05-03 18:59:59.999000+00:00,18230939.35916
2025-05-03 19:00:00+00:00,0.17616,0.17753,0.17585,0.17749,75859683,13422040.92672,33591,39846003,7048781.12418,2025-05-03 19:59:59.999000+00:00,13422040.92672
2025-05-03 20:00:00+00:00,0.17749,0.17755,0.17647,0.17664,56342525,9973340.83874,25919,19417683,3437121.51755,2025-05-03 20:59:59.999000+00:00,9973340.83874
2025-05-03 21:00:00+00:00,0.17664,0.17722,0.17604,0.17637,68609557,12113412.93524,26726,31976720,5645440.02773,2025-05-03 21:59:59.999000+00:00,12113412.93524
2025-05-03 22:00:00+00:00,0.17638,0.17691,0.17606,0.17631,69005598,12175897.95382,27404,25494106,4497280.91463,2025-05-03 22:59:59.999000+00:00,12175897.95382
2025-05-03 23:00:00+00:00,0.17631,0.17632,0.17514,0.17555,117078722,20568302.99353,40671,45851648,8054988.54962,2025-05-03 23:59:59.999000+00:00,20568302.99353
2025-05-04 00:00:00+00:00,0.17555,0.17635,0.17468,0.17512,159532865,27960942.37556,50800,81368591,14266617.60024,2025-05-04 00:59:59.999000+00:00,27960942.37556
2025-05-04 01:00:00+00:00,0.17511,0.17637,0.17467,0.17611,111806073,19630367.32085,49016,59982471,10530692.12483,2025-05-04 01:59:59.999000+00:00,19630367.32085
2025-05-04 02:00:00+00:00,0.17611,0.17734,0.17559,0.17585,134365597,23720873.06322,70383,66267986,11702953.4416,2025-05-04 02:59:59.999000+00:00,23720873.06322
2025-05-04 03:00:00+00:00,0.17585,0.176,0.17503,0.17512,120004379,21058030.81102,41851,50298165,8827742.84702,2025-05-04 03:59:59.999000+00:00,21058030.81102
2025-05-04 04:00:00+00:00,0.17511,0.17566,0.17429,0.17473,111105670,19427713.2941,46639,53293541,9320569.38427,2025-05-04 04:59:59.999000+00:00,19427713.2941
2025-05-04 05:00:00+00:00,0.17473,0.17628,0.17459,0.17598,125605822,22052126.06875,48974,72134887,12663712.1369,2025-05-04 05:59:59.999000+00:00,22052126.06875
2025-05-04 06:00:00+00:00,0.17597,0.17649,0.17518,0.17563,93164443,16375309.71249,40166,49198418,8649356.07206,2025-05-04 06:59:59.999000+00:00,16375309.71249
2025-05-04 07:00:00+00:00,0.17563,0.17577,0.17436,0.17514,132842226,23245163.77739,43583,54445485,9528784.58493,2025-05-04 07:59:59.999000+00:00,23245163.77739
2025-05-04 08:00:00+00:00,0.17513,0.17524,0.1738,0.17413,125917838,21969224.90134,47810,58091800,10134908.65404,2025-05-04 08:59:59.999000+00:00,21969224.90134
2025-05-04 09:00:00+00:00,0.17412,0.1744,0.17353,0.17382,109002720,18954817.16624,42741,54081098,9405506.99311,2025-05-04 09:59:59.999000+00:00,18954817.16624
2025-05-04 10:00:00+00:00,0.17383,0.17445,0.17318,0.17407,147788398,25699256.53061,39475,69863326,12153916.09513,2025-05-04 10:59:59.999000+00:00,25699256.53061
2025-05-04 11:00:00+00:00,0.17407,0.175,0.17379,0.17402,140688479,24540066.00057,38042,80540295,14049764.9473,2025-05-04 11:59:59.999000+00:00,24540066.00057
2025-05-04 12:00:00+00:00,0.17402,0.17467,0.17356,0.17359,91068994,15853957.94581,30449,39705226,6912938.12863,2025-05-04 12:59:59.999000+00:00,15853957.94581
2025-05-04 13:00:00+00:00,0.17359,0.17402,0.17221,0.17304,204790602,35440396.54847,56574,91085134,15767405.97805,2025-05-04 13:59:59.999000+00:00,35440396.54847
2025-05-04 14:00:00+00:00,0.17303,0.1741,0.17297,0.17395,139881549,24298782.96572,40701,72970782,12677943.16265,2025-05-04 14:59:59.999000+00:00,24298782.96572
2025-05-04 15:00:00+00:00,0.17395,0.1743,0.1727,0.17362,128087063,22232680.60163,40019,64729087,11237410.28637,2025-05-04 15:59:59.999000+00:00,22232680.60163
2025-05-04 16:00:00+00:00,0.17363,0.17393,0.17163,0.17209,189839569,32756606.0069,51174,84062904,14507193.05336,2025-05-04 16:59:59.999000+00:00,32756606.0069
2025-05-04 17:00:00+00:00,0.17209,0.17261,0.17124,0.17234,181223153,31154495.3819,53726,88576966,15227216.0731,2025-05-04 17:59:59.999000+00:00,31154495.3819
2025-05-04 18:00:00+00:00,0.17233,0.17283,0.1715,0.17156,82864443,14260341.99875,39142,34315835,5907011.01476,2025-05-04 18:59:59.999000+00:00,14260341.99875
2025-05-04 19:00:00+00:00,0.17157,0.17245,0.17133,0.17192,79264448,13622528.31619,35355,38077661,6545033.74327,2025-05-04 19:59:59.999000+00:00,13622528.31619
2025-05-04 20:00:00+00:00,0.17192,0.17298,0.17188,0.17279,90355626,15595663.47938,37906,41848671,7221750.90027,2025-05-04 20:59:59.999000+00:00,15595663.47938
2025-05-04 21:00:00+00:00,0.17279,0.17288,0.17157,0.17267,74674300,12861865.89,27152,35078356,6043095.71509,2025-05-04 21:59:59.999000+00:00,12861865.89
2025-05-04 22:00:00+00:00,0.17268,0.17272,0.17016,0.17078,271355274,46410942.73385,87564,119169236,20384991.57012,2025-05-04 22:59:59.999000+00:00,46410942.73385
2025-05-04 23:00:00+00:00,0.17077,0.17108,0.16963,0.1704,214796719,36582060.35685,58747,85510878,14570310.07716,2025-05-04 23:59:59.999000+00:00,36582060.35685
2025-05-05 00:00:00+00:00,0.17039,0.17162,0.1702,0.1714,119489987,20435324.97425,50032,71263041,12186324.03897,2025-05-05 00:59:59.999000+00:00,20435324.97425
2025-05-05 01:00:00+00:00,0.17141,0.17157,0.168,0.16962,286388189,48573129.75596,90738,138417023,23477742.29571,2025-05-05 01:59:59.999000+00:00,48573129.75596
2025-05-05 02:00:00+00:00,0.16961,0.17155,0.16856,0.1709,208544215,35484621.42686,74554,96430092,16426111.65343,2025-05-05 02:59:59.999000+00:00,35484621.42686
2025-05-05 03:00:00+00:00,0.17089,0.17124,0.17023,0.17029,92595820,15799718.87921,35665,47049963,8030618.31175,2025-05-05 03:59:59.999000+00:00,15799718.87921
2025-05-05 04:00:00+00:00,0.17028,0.17212,0.17015,0.17201,120827373,20700705.45659,41451,70625274,12100646.93496,2025-05-05 04:59:59.999000+00:00,20700705.45659
2025-05-05 05:00:00+00:00,0.17201,0.17368,0.17185,0.17357,156542883,27020114.45873,52923,87320502,15077014.4171,2025-05-05 05:59:59.999000+00:00,27020114.45873
2025-05-05 06:00:00+00:00,0.17356,0.17393,0.17289,0.17323,128667146,22296855.51302,51238,55177828,9563979.69833,2025-05-05 06:59:59.999000+00:00,22296855.51302
2025-05-05 07:00:00+00:00,0.17323,0.1735,0.17276,0.17348,94155460,16299187.53551,44315,47629472,8245309.86915,2025-05-05 07:59:59.999000+00:00,16299187.53551
2025-05-05 08:00:00+00:00,0.17348,0.174,0.17322,0.17363,111200447,19303480.85045,40652,51231439,8894870.61602,2025-05-05 08:59:59.999000+00:00,19303480.85045
2025-05-05 09:00:00+00:00,0.17363,0.17456,0.17344,0.17381,121981453,21230983.81018,44638,63435429,11042225.49695,2025-05-05 09:59:59.999000+00:00,21230983.81018
2025-05-05 10:00:00+00:00,0.17381,0.17388,0.17042,0.17113,283702370,48796479.8213,80335,112014088,19274031.35065,2025-05-05 10:59:59.999000+00:00,48796479.8213
2025-05-05 11:00:00+00:00,0.17112,0.17187,0.17008,0.17086,197921093,33846483.7692,61783,86766786,14839152.78154,2025-05-05 11:59:59.999000+00:00,33846483.7692
2025-05-05 12:00:00+00:00,0.17087,0.17158,0.17017,0.17065,143302038,24496309.19741,54843,68129745,11647371.84239,2025-05-05 12:59:59.999000+00:00,24496309.19741
2025-05-05 13:00:00+00:00,0.17065,0.17114,0.16881,0.17055,272956424,46339686.15808,100215,130409718,22143120.04389,2025-05-05 13:59:59.999000+00:00,46339686.15808
2025-05-05 14:00:00+00:00,0.17055,0.17141,0.16955,0.17003,209728752,35763034.48653,77265,105097409,17926260.68226,2025-05-05 14:59:59.999000+00:00,35763034.48653
2025-05-05 15:00:00+00:00,0.17003,0.17038,0.1684,0.16889,181822767,30801822.40774,66820,79910396,13538305.26446,2025-05-05 15:59:59.999000+00:00,30801822.40774
2025-05-05 16:00:00+00:00,0.1689,0.17046,0.16869,0.16967,120783753,20507004.57087,49958,53028717,9003772.79111,2025-05-05 16:59:59.999000+00:00,20507004.57087
2025-05-05 17:00:00+00:00,0.16967,0.17121,0.16939,0.17104,94147939,16041460.43349,48646,51444428,8766284.27843,2025-05-05 17:59:59.999000+00:00,16041460.43349
2025-05-05 18:00:00+00:00,0.17104,0.17253,0.17078,0.17196,170455750,29283693.70979,55044,96488299,16580060.10252,2025-05-05 18:59:59.999000+00:00,29283693.70979
2025-05-05 19:00:00+00:00,0.17195,0.17249,0.17056,0.17079,115709523,19856584.82011,48917,50510040,8672648.05541,2025-05-05 19:59:59.999000+00:00,19856584.82011
2025-05-05 20:00:00+00:00,0.17079,0.17081,0.1681,0.16942,198596515,33626612.15942,67195,93559293,15841022.0614,2025-05-05 20:59:59.999000+00:00,33626612.15942
2025-05-05 21:00:00+00:00,0.16943,0.1708,0.1693,0.17039,123832113,21075292.04289,45375,63671161,10838446.86881,2025-05-05 21:59:59.999000+00:00,21075292.04289
2025-05-05 22:00:00+00:00,0.17039,0.17221,0.17039,0.17154,118320316,20282363.57359,48074,63908920,10958178.76792,2025-05-05 22:59:59.999000+00:00,20282363.57359
2025-05-05 23:00:00+00:00,0.17153,0.17176,0.17034,0.1705,78101899,13358017.89781,34821,33504334,5731762.9061,2025-05-05 23:59:59.999000+00:00,13358017.89781
2025-05-06 00:00:00+00:00,0.1705,0.17077,0.16951,0.17013,118354971,20149240.74588,41032,57914178,9860519.33046,2025-05-06 00:59:59.999000+00:00,20149240.74588
2025-05-06 01:00:00+00:00,0.17012,0.17109,0.16866,0.16874,169309688,28736711.40203,60069,66851262,11354078.16698,2025-05-06 01:59:59.999000+00:00,28736711.40203
2025-05-06 02:00:00+00:00,0.16873,0.16908,0.16671,0.16846,280741946,47130320.47819,83399,122587787,20585902.06158,2025-05-06 02:59:59.999000+00:00,47130320.47819
2025-05-06 03:00:00+00:00,0.16845,0.16995,0.1679,0.16972,169320678,28618803.29186,57958,99214937,16767667.5835,2025-05-06 03:59:59.999000+00:00,28618803.29186
2025-05-06 04:00:00+00:00,0.16972,0.1703,0.16917,0.17006,106526205,18089245.67978,41308,50812453,8630161.37264,2025-05-06 04:59:59.999000+00:00,18089245.67978
2025-05-06 05:00:00+00:00,0.17005,0.17017,0.16868,0.16878,101146945,17142027.89541,38089,47675178,8082917.5096,2025-05-06 05:59:59.999000+00:00,17142027.89541
2025-05-06 06:00:00+00:00,0.16877,0.1695,0.16872,0.16947,55486011,9386766.44351,27143,28581563,4835431.85805,2025-05-06 06:59:59.999000+00:00,9386766.44351
2025-05-06 07:00:00+00:00,0.16946,0.17015,0.16881,0.16928,114141407,19346932.77092,39004,59855576,10147071.43767,2025-05-06 07:59:59.999000+00:00,19346932.77092
2025-05-06 08:00:00+00:00,0.16928,0.16929,0.16618,0.16825,415291825,69502136.03367,104629,196005426,32798779.30399,2025-05-06 08:59:59.999000+00:00,69502136.03367
2025-05-06 09:00:00+00:00,0.16825,0.16861,0.16647,0.16741,150979019,25301930.47547,52121,76254597,12786119.74772,2025-05-06 09:59:59.999000+00:00,25301930.47547
2025-05-06 10:00:00+00:00,0.16741,0.16742,0.16513,0.16548,250508771,41628335.88337,80398,106664093,17734821.99594,2025-05-06 10:59:59.999000+00:00,41628335.88337
2025-05-06 11:00:00+00:00,0.16549,0.16628,0.16437,0.16528,253957086,41991659.8057,79813,121072062,20024477.60413,2025-05-06 11:59:59.999000+00:00,41991659.8057
2025-05-06 12:00:00+00:00,0.16527,0.16627,0.16496,0.16602,168681419,27953692.77324,59792,86754663,14378007.58215,2025-05-06 12:59:59.999000+00:00,27953692.77324
2025-05-06 13:00:00+00:00,0.16601,0.16612,0.16416,0.16485,289065652,47695175.02498,86313,148196601,24448280.35693,2025-05-06 13:59:59.999000+00:00,47695175.02498
2025-05-06 14:00:00+00:00,0.16485,0.16823,0.16485,0.16623,317414711,52927694.55991,94894,179484602,29940883.18242,2025-05-06 14:59:59.999000+00:00,52927694.55991
2025-05-06 15:00:00+00:00,0.16622,0.16779,0.16547,0.16659,287939887,47974375.87925,71730,147884241,24652325.21495,2025-05-06 15:59:59.999000+00:00,47974375.87925
2025-05-06 16:00:00+00:00,0.16659,0.16718,0.1656,0.16563,172836019,28757989.08731,65183,86865808,14455822.04119,2025-05-06 16:59:59.999000+00:00,28757989.08731
2025-05-06 17:00:00+00:00,0.16564,0.1679,0.16551,0.16697,161763401,27009525.42046,66216,83416805,13928571.27889,2025-05-06 17:59:59.999000+00:00,27009525.42046
2025-05-06 18:00:00+00:00,0.16698,0.16942,0.16685,0.16936,222875346,37501740.9659,65855,111327943,18744728.29669,2025-05-06 18:59:59.999000+00:00,37501740.9659
2025-05-06 19:00:00+00:00,0.16936,0.16975,0.16857,0.16881,152932657,25859151.20449,48484,70134156,11859465.25905,2025-05-06 19:59:59.999000+00:00,25859151.20449
2025-05-06 20:00:00+00:00,0.16882,0.16974,0.16756,0.16824,177943444,29980760.09709,53588,80731837,13617993.16455,2025-05-06 20:59:59.999000+00:00,29980760.09709
2025-05-06 21:00:00+00:00,0.16825,0.16932,0.16706,0.16828,167255375,28138370.46164,53443,82677546,13921384.71912,2025-05-06 21:59:59.999000+00:00,28138370.46164
2025-05-06 22:00:00+00:00,0.16827,0.17156,0.1682,0.1714,334289493,57019744.71938,114302,181830897,31016530.66317,2025-05-06 22:59:59.999000+00:00,57019744.71938
2025-05-06 23:00:00+00:00,0.17139,0.1725,0.17063,0.17211,191495181,32852781.24541,64481,95576950,16404967.06989,2025-05-06 23:59:59.999000+00:00,32852781.24541
2025-05-07 00:00:00+00:00,0.1721,0.1743,0.17163,0.17336,243373931,42106815.89076,81466,116280416,20122549.0218,2025-05-07 00:59:59.999000+00:00,42106815.89076
2025-05-07 01:00:00+00:00,0.17336,0.17437,0.17279,0.17304,197279314,34246743.58633,59079,113554400,19720091.33012,2025-05-07 01:59:59.999000+00:00,34246743.58633
2025-05-07 02:00:00+00:00,0.17304,0.17315,0.17087,0.17121,244636081,42090794.3253,63790,93213474,16030935.56775,2025-05-07 02:59:59.999000+00:00,42090794.3253
2025-05-07 03:00:00+00:00,0.17121,0.17184,0.17012,0.17175,174013951,29767009.46054,55898,93876602,16061599.03795,2025-05-07 03:59:59.999000+00:00,29767009.46054
2025-05-07 04:00:00+00:00,0.17175,0.1725,0.17171,0.17224,129530195,22296208.60354,42968,69708274,11998175.11513,2025-05-07 04:59:59.999000+00:00,22296208.60354
2025-05-07 05:00:00+00:00,0.17223,0.17232,0.17144,0.17164,81370441,13981136.60281,32546,38772569,6661428.72395,2025-05-07 05:59:59.999000+00:00,13981136.60281
2025-05-07 06:00:00+00:00,0.17163,0.17248,0.17155,0.17235,82370661,14177177.40235,32341,41064916,7069473.3996,2025-05-07 06:59:59.999000+00:00,14177177.40235
2025-05-07 07:00:00+00:00,0.17235,0.17338,0.17234,0.17322,123587565,21368540.93858,43817,66462854,11492283.42892,2025-05-07 07:59:59.999000+00:00,21368540.93858
2025-05-07 08:00:00+00:00,0.17322,0.17351,0.17281,0.17326,88804702,15377100.52714,37349,42737345,7400548.28168,2025-05-07 08:59:59.999000+00:00,15377100.52714
2025-05-07 09:00:00+00:00,0.17326,0.1739,0.17313,0.1738,91501339,15873812.28047,35311,45725275,7933860.56645,2025-05-07 09:59:59.999000+00:00,15873812.28047
2025-05-07 10:00:00+00:00,0.17379,0.17391,0.17282,0.1738,114147951,19795022.58567,40447,53776637,9325568.69219,2025-05-07 10:59:59.999000+00:00,19795022.58567
2025-05-07 11:00:00+00:00,0.1738,0.17385,0.17302,0.1733,63892342,11074145.18979,32776,28466967,4934248.5237,2025-05-07 11:59:59.999000+00:00,11074145.18979
2025-05-07 12:00:00+00:00,0.17329,0.17348,0.17234,0.17273,136846496,23648527.11712,48963,71223436,12307331.89035,2025-05-07 12:59:59.999000+00:00,23648527.11712
2025-05-07 13:00:00+00:00,0.17273,0.17294,0.17162,0.17232,184491596,31760710.5253,65791,92015638,15841360.71307,2025-05-07 13:59:59.999000+00:00,31760710.5253
2025-05-07 14:00:00+00:00,0.17232,0.17303,0.17146,0.17179,149905266,25825015.8273,53955,78712591,13562027.49387,2025-05-07 14:59:59.999000+00:00,25825015.8273
2025-05-07 15:00:00+00:00,0.17178,0.17185,0.17044,0.17076,190545031,32602426.91747,60815,97978392,16767507.55582,2025-05-07 15:59:59.999000+00:00,32602426.91747
2025-05-07 16:00:00+00:00,0.17076,0.17145,0.16914,0.17112,276024212,46988510.82467,76576,151866947,25869839.50824,2025-05-07 16:59:59.999000+00:00,46988510.82467
2025-05-07 17:00:00+00:00,0.17112,0.17168,0.17033,0.17096,166776931,28511057.83679,52225,87887254,15027835.31011,2025-05-07 17:59:59.999000+00:00,28511057.83679
2025-05-07 18:00:00+00:00,0.17095,0.17258,0.16928,0.17094,472793247,80784068.38679,144360,212873699,36384080.99049,2025-05-07 18:59:59.999000+00:00,80784068.38679
2025-05-07 19:00:00+00:00,0.17094,0.17123,0.16884,0.16984,266237412,45288193.3162,86246,116929546,19898353.93897,2025-05-07 19:59:59.999000+00:00,45288193.3162
2025-05-07 20:00:00+00:00,0.16983,0.17036,0.1691,0.1703,183354521,31124667.10254,53120,94526252,16054147.67686,2025-05-07 20:59:59.999000+00:00,31124667.10254
2025-05-07 21:00:00+00:00,0.17029,0.17225,0.17004,0.17164,132244662,22658899.31032,48485,65261701,11176694.42588,2025-05-07 21:59:59.999000+00:00,22658899.31032
2025-05-07 22:00:00+00:00,0.17165,0.17251,0.17142,0.17206,110225753,18962446.73726,43923,57278300,9853478.19136,2025-05-07 22:59:59.999000+00:00,18962446.73726
2025-05-07 23:00:00+00:00,0.17206,0.1729,0.1717,0.17193,94165922,16221176.7548,37267,43768442,7539238.25159,2025-05-07 23:59:59.999000+00:00,16221176.7548
2025-05-08 00:00:00+00:00,0.17193,0.1738,0.17161,0.17358,160085753,27630130.43927,48928,89257024,15415909.30831,2025-05-08 00:59:59.999000+00:00,27630130.43927
2025-05-08 01:00:00+00:00,0.17357,0.17568,0.17351,0.17399,411136739,71782357.29688,122198,198958359,34746619.54647,2025-05-08 01:59:59.999000+00:00,71782357.29688
2025-05-08 02:00:00+00:00,0.17399,0.17715,0.17399,0.17692,314447647,55390377.59993,90231,158850117,27962302.17898,2025-05-08 02:59:59.999000+00:00,55390377.59993
2025-05-08 03:00:00+00:00,0.17691,0.17945,0.17655,0.17934,351801409,62607847.48733,103789,181299968,32270753.30348,2025-05-08 03:59:59.999000+00:00,62607847.48733
2025-05-08 04:00:00+00:00,0.17934,0.18273,0.17934,0.17968,641608839,116046148.96719,157048,310174764,56125456.81299,2025-05-08 04:59:59.999000+00:00,116046148.96719
2025-05-08 05:00:00+00:00,0.17967,0.18063,0.17948,0.17985,175751472,31641253.5824,56548,89268063,16072021.59313,2025-05-08 05:59:59.999000+00:00,31641253.5824
2025-05-08 06:00:00+00:00,0.17984,0.18092,0.17982,0.18087,126314183,22789651.1604,44188,64770055,11685890.02042,2025-05-08 06:59:59.999000+00:00,22789651.1604
2025-05-08 07:00:00+00:00,0.18087,0.18271,0.18083,0.18143,285016564,51807636.21879,70890,158246559,28761438.91607,2025-05-08 07:59:59.999000+00:00,51807636.21879
2025-05-08 08:00:00+00:00,0.18142,0.18326,0.18137,0.18225,204772833,37358048.2612,71211,107430466,19601020.62568,2025-05-08 08:59:59.999000+00:00,37358048.2612
2025-05-08 09:00:00+00:00,0.18226,0.18369,0.18202,0.18357,193098393,35324588.25653,56185,108747471,19897349.73498,2025-05-08 09:59:59.999000+00:00,35324588.25653
2025-05-08 10:00:00+00:00,0.18357,0.18555,0.18336,0.18504,293166148,54023761.84192,82428,189721189,34969913.77765,2025-05-08 10:59:59.999000+00:00,54023761.84192
2025-05-08 11:00:00+00:00,0.18503,0.18508,0.18211,0.18302,344944513,63270835.88671,84305,141888356,26025814.75654,2025-05-08 11:59:59.999000+00:00,63270835.88671
2025-05-08 12:00:00+00:00,0.18302,0.18482,0.18285,0.18369,293018115,53847739.95663,81190,138244899,25411446.34581,2025-05-08 12:59:59.999000+00:00,53847739.95663
2025-05-08 13:00:00+00:00,0.18368,0.18511,0.1834,0.18435,315147336,58078135.32363,83680,164353536,30294696.1545,2025-05-08 13:59:59.999000+00:00,58078135.32363
2025-05-08 14:00:00+00:00,0.18434,0.18708,0.18352,0.18572,417040095,77327465.06038,130524,225721936,41870888.91929,2025-05-08 14:59:59.999000+00:00,77327465.06038
2025-05-08 15:00:00+00:00,0.18572,0.19143,0.18546,0.18929,770933695,145581809.04242,263330,393856495,74392308.47405,2025-05-08 15:59:59.999000+00:00,145581809.04242
2025-05-08 16:00:00+00:00,0.18928,0.19291,0.18912,0.19073,473607341,90319958.30587,174829,239482779,45672554.76701,2025-05-08 16:59:59.999000+00:00,90319958.30587
2025-05-08 17:00:00+00:00,0.19072,0.19168,0.18919,0.19016,238529124,45411651.78806,98087,114487770,21797209.52972,2025-05-08 17:59:59.999000+00:00,45411651.78806
2025-05-08 18:00:00+00:00,0.19016,0.19127,0.18991,0.19046,184174256,35091708.7422,75429,88220834,16811914.06689,2025-05-08 18:59:59.999000+00:00,35091708.7422
2025-05-08 19:00:00+00:00,0.19045,0.19122,0.18938,0.19091,209983297,39964144.24498,89491,106645213,20300427.18555,2025-05-08 19:59:59.999000+00:00,39964144.24498
2025-05-08 20:00:00+00:00,0.19091,0.19594,0.18989,0.19519,450454468,86940545.69943,161643,269104040,51981929.84225,2025-05-08 20:59:59.999000+00:00,86940545.69943
2025-05-08 21:00:00+00:00,0.19518,0.19716,0.19166,0.19297,453654631,88161792.92556,188761,213558881,41544158.65332,2025-05-08 21:59:59.999000+00:00,88161792.92556
2025-05-08 22:00:00+00:00,0.19296,0.1943,0.19172,0.19429,234290983,45224818.41341,94715,121999588,23557377.09163,2025-05-08 22:59:59.999000+00:00,45224818.41341
2025-05-08 23:00:00+00:00,0.19429,0.19837,0.19373,0.19807,311502119,61166843.04575,111355,162225203,31855027.87995,2025-05-08 23:59:59.999000+00:00,61166843.04575
2025-05-09 00:00:00+00:00,0.19808,0.19866,0.19466,0.19562,375014048,73580290.00188,129689,173160759,33973110.49346,2025-05-09 00:59:59.999000+00:00,73580290.00188
2025-05-09 01:00:00+00:00,0.19562,0.1974,0.19443,0.19628,221494027,43328745.04454,109783,111631368,21844766.01118,2025-05-09 01:59:59.999000+00:00,43328745.04454
2025-05-09 02:00:00+00:00,0.19629,0.19656,0.19489,0.19575,206056428,40300824.3228,87087,101193806,19797681.86257,2025-05-09 02:59:59.999000+00:00,40300824.3228
2025-05-09 03:00:00+00:00,0.19576,0.19752,0.19311,0.1935,345495802,67535749.94855,133952,144595134,28288625.63347,2025-05-09 03:59:59.999000+00:00,67535749.94855
2025-05-09 04:00:00+00:00,0.19351,0.19457,0.19294,0.19403,295588178,57272782.23126,88326,138926936,26915374.10541,2025-05-09 04:59:59.999000+00:00,57272782.23126
2025-05-09 05:00:00+00:00,0.19403,0.19559,0.19366,0.19549,141147531,27499525.08429,66305,78701886,15329834.65524,2025-05-09 05:59:59.999000+00:00,27499525.08429
2025-05-09 06:00:00+00:00,0.1955,0.19722,0.19504,0.19697,174497500,34252500.12101,78674,88627729,17397316.41401,2025-05-09 06:59:59.999000+00:00,34252500.12101
2025-05-09 07:00:00+00:00,0.19697,0.20929,0.19678,0.20577,1246838867,254364897.53401,381216,673528829,137257672.36241,2025-05-09 07:59:59.999000+00:00,254364897.53401
2025-05-09 08:00:00+00:00,0.20577,0.2145,0.20223,0.20544,1300587140,271045789.71325,441170,568002510,118283672.4078,2025-05-09 08:59:59.999000+00:00,271045789.71325
2025-05-09 09:00:00+00:00,0.20543,0.20729,0.20126,0.2054,713457655,145660674.48742,286128,351476326,71783404.4887,2025-05-09 09:59:59.999000+00:00,145660674.48742
2025-05-09 10:00:00+00:00,0.20541,0.20978,0.20479,0.20935,356682115,73920424.66178,171762,170053340,35245797.77957,2025-05-09 10:59:59.999000+00:00,73920424.66178
2025-05-09 11:00:00+00:00,0.20936,0.21156,0.20556,0.20715,456937927,95232396.61274,230049,204970827,42742820.69041,2025-05-09 11:59:59.999000+00:00,95232396.61274
2025-05-09 12:00:00+00:00,0.20715,0.20799,0.20512,0.20735,320691837,66246743.79737,137061,157333888,32493305.83863,2025-05-09 12:59:59.999000+00:00,66246743.79737
2025-05-09 13:00:00+00:00,0.20735,0.2099,0.2053,0.20902,297459920,61883155.54817,146785,144405441,30044869.56827,2025-05-09 13:59:59.999000+00:00,61883155.54817
2025-05-09 14:00:00+00:00,0.20901,0.20901,0.20068,0.2038,727291277,148450629.34239,279844,351068322,71637626.86009,2025-05-09 14:59:59.999000+00:00,148450629.34239
2025-05-09 15:00:00+00:00,0.2038,0.20501,0.20142,0.20419,460526280,93645198.98064,193305,221638021,45075044.56619,2025-05-09 15:59:59.999000+00:00,93645198.98064
2025-05-09 16:00:00+00:00,0.2042,0.20429,0.20104,0.2014,397541309,80615905.85546,164930,177840583,36067920.80727,2025-05-09 16:59:59.999000+00:00,80615905.85546
2025-05-09 17:00:00+00:00,0.20141,0.20616,0.20102,0.20578,336717045,68675261.69588,122070,175294437,35745684.84864,2025-05-09 17:59:59.999000+00:00,68675261.69588
2025-05-09 18:00:00+00:00,0.20577,0.20588,0.20382,0.20431,122244909,25032053.12507,63194,55820621,11430421.44783,2025-05-09 18:59:59.999000+00:00,25032053.12507
2025-05-09 19:00:00+00:00,0.20431,0.20542,0.20288,0.20502,169496779,34638350.56854,78661,85750142,17527936.30445,2025-05-09 19:59:59.999000+00:00,34638350.56854
2025-05-09 20:00:00+00:00,0.20503,0.20603,0.20429,0.20591,97693698,20043054.11133,50024,48400227,9931276.69564,2025-05-09 20:59:59.999000+00:00,20043054.11133
2025-05-09 21:00:00+00:00,0.2059,0.20602,0.20415,0.20493,81842628,16782561.82633,43801,38840215,7963153.49593,2025-05-09 21:59:59.999000+00:00,16782561.82633
2025-05-09 22:00:00+00:00,0.20493,0.20542,0.20405,0.20417,81103655,16603219.80125,44136,41317565,8459090.17978,2025-05-09 22:59:59.999000+00:00,16603219.80125
2025-05-09 23:00:00+00:00,0.20418,0.20542,0.20365,0.20521,94903734,19429192.00805,53462,48709902,9972988.2294,2025-05-09 23:59:59.999000+00:00,19429192.00805
2025-05-10 00:00:00+00:00,0.20521,0.20899,0.20328,0.20358,423962866,87467404.79463,156985,196532932,40568265.03612,2025-05-10 00:59:59.999000+00:00,87467404.79463
