entry_ts,exit_ts,side,entry_price,exit_price,max_position_ratio,avg_position_ratio,add_count,bars_held,entry_reason,exit_reason,gross_pnl,fee,slippage_cost,net_pnl,return_on_equity,return_on_margin,max_adverse_excursion,max_favorable_excursion,entry_trend_context,exit_trend_context,entry_was_probe,entry_was_sentinel,entry_was_crash,entry_was_slow_up,hold_mode,entry_trend_direction,entry_trend_strength,entry_trend_phase,exit_trend_direction,exit_trend_phase,trend_upgrade_done,trend_exit_reason,lifecycle,runner_active
2025-06-29 19:00:00+00:00,2025-06-29 21:00:00+00:00,LONG,107592.0141,107300.1,0.08580525889992714,0.08580525889992714,1,2,REVERSE_SIGNAL,CLOSE_REVERSE_SIGNAL,-0.004656063953549271,0.0006864420711994171,0.0,-0.005342506024748688,-0.004656063953549271,-0.05426315371857965,0.0,0.0,,,0,0,0,0,NORMAL,NONE,NONE,NONE,NONE,NONE,0,,NONE,0
2025-07-02 08:00:00+00:00,2025-07-02 09:00:00+00:00,SHORT,107004.69478,107691.5,0.058102560043334965,0.058102560043334965,0,1,OPEN_SHORT_SIGNAL,CLOSE_HARD_STOP,-0.007458577703561497,0.0004648204803466797,0.0,-0.007923398183908177,-0.007458577703561497,-0.12836917509312196,0.0,0.0,EMA_FAST_LT_EMA_SLOW,,0,0,0,0,NORMAL,UP,WEAK,EARLY,UP,EARLY,0,,NONE,0
2025-07-02 22:00:00+00:00,2025-07-04 04:00:00+00:00,LONG,109424.28047999999,109195.7,0.04,0.04,0,30,UPGRADE_SLOW_LONG_TO_TREND,CLOSE_SLOW_UPTREND_BROKEN,-0.0016711499787601045,0.00032,0.0,-0.0019911499787601044,-0.0016711499787601045,-0.04177874946900261,0.0,0.0,,DOWN_RET6_ATR|CLOSE_LT_EMA_FAST,0,0,0,1,TREND,UP,NORMAL,CONTINUATION,NONE,NONE,1,CLOSE_SLOW_UPTREND_BROKEN,TREND,0
2025-07-04 16:00:00+00:00,2025-07-04 23:00:00+00:00,SHORT,107513.09308,108197.9,0.06,0.06,0,7,OPEN_SHORT_CRASH,CLOSE_HARD_STOP,-0.007643425376930712,0.00047999999999999996,0.0,-0.008123425376930712,-0.007643425376930712,-0.1273904229488452,0.0,0.0,DOWN_RET6_ATR|CLOSE_LT_EMA_FAST|EMA_FAST_LT_EMA_SLOW,EMA_FAST_LT_EMA_SLOW,0,0,1,0,CRASH,DOWN,WEAK,EARLY,NONE,NONE,0,,PROBATION,0
2025-07-07 06:00:00+00:00,2025-07-07 13:00:00+00:00,LONG,109049.60556,108300.3,0.04,0.04,0,7,OPEN_LONG_SLOW_TREND,CLOSE_HARD_STOP,-0.005496988686219277,0.00032,0.0,-0.005816988686219277,-0.005496988686219277,-0.13742471715548193,0.0,0.0,,DOWN_RET6_ATR|CLOSE_LT_EMA_FAST,0,0,0,1,SLOW_UP,UP,WEAK,EARLY,DOWN,REVERSAL_RISK,0,,PROBATION,0
2025-07-09 21:00:00+00:00,2025-07-12 16:00:00+00:00,LONG,110697.93516,117075.6,0.027999999999999997,0.027999999999999997,0,67,UPGRADE_SLOW_LONG_TO_TREND,CLOSE_SLOW_UPTREND_BROKEN,0.0322634049608772,0.00022399999999999997,0.0,0.0320394049608772,0.0322634049608772,1.1522644628884715,0.0,0.0,,DOWN_RET6_ATR|CLOSE_LT_EMA_FAST,0,0,0,1,TREND,UP,NORMAL,EARLY,NONE,NONE,1,CLOSE_SLOW_UPTREND_BROKEN,RUNNER,1
2025-07-22 08:00:00+00:00,2025-07-22 12:00:00+00:00,SHORT,117935.9081,119142.2,0.11662725284695627,0.11662725284695627,2,4,OPEN_SHORT_SIGNAL,CLOSE_HARD_STOP,-0.0238581298427353,0.0009330180227756502,0.0,-0.02479114786551095,-0.0238581298427353,-0.20456736534850095,0.0,0.0,EMA_FAST_LT_EMA_SLOW,,0,0,0,0,NORMAL,NONE,WEAK,NONE,UP,EARLY,0,,NONE,0
2025-07-22 16:00:00+00:00,2025-07-22 18:00:00+00:00,SHORT,118876.02004,119196.0,0.08367363587021828,0.08367363587021828,1,2,OPEN_SHORT_SIGNAL,CLOSE_REVERSE_SIGNAL,-0.0045045058961088605,0.0006693890869617462,0.0,-0.005173894983070607,-0.0045045058961088605,-0.05383423164610128,0.0,0.0,,,0,0,0,0,NORMAL,UP,WEAK,EARLY,UP,EARLY,0,,NONE,0
2025-07-23 01:00:00+00:00,2025-07-23 10:00:00+00:00,LONG,119611.4175,118002.1,0.04567570768296719,0.04567570768296719,2,9,OPEN_LONG_SLOW_TREND,CLOSE_HARD_STOP,-0.012290919585345287,0.00036540566146373753,0.0,-0.012656325246809024,-0.012290919585345287,-0.26909095028490737,0.0,0.0,,CLOSE_LT_EMA_FAST,0,0,0,1,SLOW_UP,UP,WEAK,EARLY,DOWN,EARLY,0,,PROBATION,0
2025-07-25 04:00:00+00:00,2025-07-25 11:00:00+00:00,SHORT,115361.62306,116277.6,0.06,0.06,0,7,OPEN_SHORT_CRASH,CLOSE_REVERSE_SIGNAL,-0.00952805880191479,0.00047999999999999996,0.0,-0.01000805880191479,-0.00952805880191479,-0.15880098003191317,0.0,0.0,DOWN_RET6_ATR|CLOSE_LT_EMA_FAST|EMA_FAST_LT_EMA_SLOW|LOWER_HIGH_LOW,EMA_FAST_LT_EMA_SLOW,0,0,1,0,CRASH,DOWN,STRONG,EARLY,DOWN,CONTINUATION,0,,PROBATION,0
2025-07-27 06:00:00+00:00,2025-07-28 12:00:00+00:00,LONG,118281.95166,118813.4,0.04,0.04,0,30,UPGRADE_SLOW_LONG_TO_TREND,CLOSE_SLOW_UPTREND_BROKEN,0.003594450937215711,0.00032,0.0,0.0032744509372157112,0.003594450937215711,0.08986127343039278,0.0,0.0,,DOWN_RET6_ATR|CLOSE_LT_EMA_FAST,0,0,0,1,TREND,UP,WEAK,EARLY,NONE,NONE,1,CLOSE_SLOW_UPTREND_BROKEN,TREND,0
2025-07-30 16:00:00+00:00,2025-07-31 00:00:00+00:00,SHORT,117926.31001999999,117771.1,0.0861468069255352,0.0861468069255352,1,8,OPEN_SHORT_SIGNAL,CLOSE_TREND_EXIT_CONFIRMED,0.00226766149531507,0.0006891744554042816,0.0,0.0015784870399107884,0.00226766149531507,0.02632322167524124,0.0,0.0,CLOSE_LT_EMA_FAST|EMA_FAST_LT_EMA_SLOW,EMA_FAST_LT_EMA_SLOW,0,0,0,0,TREND,NONE,NONE,NONE,NONE,NONE,0,CLOSE_TREND_EXIT_CONFIRMED,TREND,0
2025-07-31 02:00:00+00:00,2025-07-31 10:00:00+00:00,SHORT,118001.49498,118562.4,0.11706043407320976,0.11706043407320976,2,8,OPEN_SHORT_SIGNAL,CLOSE_MAX_HOLD_BARS,-0.011128636145867472,0.0009364834725856781,0.0,-0.012065119618453149,-0.011128636145867472,-0.09506744301757507,0.0,0.0,,,0,0,0,0,NORMAL,NONE,NONE,NONE,UP,EARLY,0,,NONE,0
2025-08-04 01:00:00+00:00,2025-08-05 03:00:00+00:00,LONG,114879.67134,114683.1,0.04,0.04,0,26,OPEN_LONG_SLOW_TREND,CLOSE_SLOW_UPTREND_BROKEN,-0.0013688851140126876,0.00032,0.0,-0.0016888851140126875,-0.0013688851140126876,-0.03422212785031719,0.0,0.0,,CLOSE_LT_EMA_FAST,0,0,0,1,SLOW_UP,UP,WEAK,EARLY,NONE,NONE,0,CLOSE_SLOW_UPTREND_BROKEN,PROBATION,0
2025-08-05 23:00:00+00:00,2025-08-06 02:00:00+00:00,LONG,113932.78199999999,113777.2,0.11533834859728814,0.11533834859728814,2,3,OPEN_LONG_SIGNAL,CLOSE_REVERSE_SIGNAL,-0.003150027698167274,0.0009227067887783051,0.0,-0.004072734486945579,-0.003150027698167274,-0.027311191260122984,0.0,0.0,EMA_FAST_LT_EMA_SLOW,EMA_FAST_LT_EMA_SLOW,0,0,0,0,NORMAL,NONE,NONE,NONE,NONE,NONE,0,,NONE,0
2025-08-08 01:00:00+00:00,2025-08-08 16:00:00+00:00,LONG,117239.84327999999,116162.1,0.04,0.04,0,15,OPEN_LONG_SLOW_TREND,CLOSE_SLOW_UPTREND_BROKEN,-0.0073541093187990195,0.00032,0.0,-0.0076741093187990194,-0.0073541093187990195,-0.18385273296997548,0.0,0.0,,CLOSE_LT_EMA_FAST,0,0,0,1,SLOW_UP,UP,NORMAL,CONTINUATION,NONE,NONE,0,CLOSE_SLOW_UPTREND_BROKEN,PROBATION,0
2025-08-10 19:00:00+00:00,2025-08-11 14:00:00+00:00,LONG,118543.60397999999,119969.9,0.027999999999999997,0.027999999999999997,0,19,UPGRADE_SLOW_LONG_TO_TREND,CLOSE_SLOW_UPTREND_BROKEN,0.006737822576532779,0.00022399999999999997,0.0,0.006513822576532779,0.006737822576532779,0.24063652059045643,0.0,0.0,,DOWN_RET6_ATR|CLOSE_LT_EMA_FAST|LOWER_HIGH_LOW,0,0,0,1,TREND,UP,WEAK,EARLY,NONE,NONE,1,CLOSE_SLOW_UPTREND_BROKEN,RUNNER,1
2025-08-13 18:00:00+00:00,2025-08-14 08:00:00+00:00,LONG,121798.95492,121742.3,0.038,0.038,0,14,UPGRADE_SLOW_LONG_TO_TREND,CLOSE_SLOW_UPTREND_BROKEN,-0.00035351484935385394,0.000304,0.0,-0.000657514849353854,-0.00035351484935385394,-0.009303022351417209,0.0,0.0,,DOWN_RET6_ATR|CLOSE_LT_EMA_FAST,0,0,0,1,TREND,UP,NORMAL,EARLY,NONE,NONE,1,CLOSE_SLOW_UPTREND_BROKEN,PROTECT_PROFIT,0
2025-08-14 13:00:00+00:00,2025-08-14 15:00:00+00:00,SHORT,118798.43556,118752.1,0.06,0.06,0,2,OPEN_SHORT_CRASH,CLOSE_CRASH_FAILED,0.0004680421230960417,0.00047999999999999996,0.0,-1.195787690395824e-05,0.0004680421230960417,0.007800702051600696,0.0,0.0,DOWN_RET6_ATR|CLOSE_LT_EMA_FAST,DOWN_RET6_ATR|CLOSE_LT_EMA_FAST|EMA_FAST_LT_EMA_SLOW,0,0,1,0,CRASH,NONE,WEAK,NONE,NONE,NONE,0,,PROBATION,0
2025-08-15 02:00:00+00:00,2025-08-15 07:00:00+00:00,LONG,118644.42413999999,119044.1,0.1581251944601536,0.1581251944601536,2,5,OPEN_LONG_SIGNAL,CLOSE_REVERSE_SIGNAL,0.01065348389385034,0.0012650015556812289,0.0,0.00938848233816911,0.01065348389385034,0.06737372833103418,0.0,0.0,EMA_FAST_LT_EMA_SLOW,EMA_FAST_LT_EMA_SLOW,0,0,0,0,NORMAL,DOWN,WEAK,EARLY,NONE,NONE,0,,NONE,0
2025-08-18 02:00:00+00:00,2025-08-18 04:00:00+00:00,SHORT,116190.75720000001,115264.8,0.06,0.06,0,2,OPEN_SHORT_CRASH,CLOSE_SHORT_REVERSE_CONFIRMED,0.009563141395897583,0.00047999999999999996,0.0,0.009083141395897583,0.009563141395897583,0.15938568993162638,0.0,0.0,DOWN_RET6_ATR|CLOSE_LT_EMA_FAST|EMA_FAST_LT_EMA_SLOW,DOWN_RET6_ATR|CLOSE_LT_EMA_FAST|EMA_FAST_LT_EMA_SLOW,0,0,1,0,CRASH,DOWN,STRONG,EARLY,DOWN,EARLY,0,,PROBATION,0
2025-08-19 17:00:00+00:00,2025-08-20 03:00:00+00:00,SHORT,113316.3322,113386.8,0.06,0.06,0,10,OPEN_SHORT_CRASH,CLOSE_CRASH_FAILED,-0.0007462415907598379,0.00047999999999999996,0.0,-0.0012262415907598378,-0.0007462415907598379,-0.012437359845997299,0.0,0.0,DOWN_RET6_ATR|CLOSE_LT_EMA_FAST|EMA_FAST_LT_EMA_SLOW,EMA_FAST_LT_EMA_SLOW,0,0,1,0,CRASH,DOWN,STRONG,EARLY,NONE,NONE,0,,PROBATION,0
2025-08-20 06:00:00+00:00,2025-08-20 14:00:00+00:00,SHORT,113649.06564,112632.7,0.11602657437324523,0.11602657437324523,2,8,OPEN_SHORT_SIGNAL,CLOSE_MAX_HOLD_BARS,0.02075255486805627,0.000928212594985962,0.0,0.019824342273070308,0.02075255486805627,0.1788603600524953,0.0,0.0,EMA_FAST_LT_EMA_SLOW,DOWN_RET6_ATR|CLOSE_LT_EMA_FAST|EMA_FAST_LT_EMA_SLOW,0,0,0,0,NORMAL,NONE,WEAK,NONE,DOWN,EARLY,0,,NONE,0
2025-08-20 18:00:00+00:00,2025-08-20 20:00:00+00:00,SHORT,114127.17,114216.3,0.08937528356909752,0.08937528356909752,1,2,OPEN_SHORT_SIGNAL,CLOSE_TREND_EXIT_CONFIRMED,-0.001395989933775468,0.0007150022685527801,0.0,-0.0021109922023282482,-0.001395989933775468,-0.015619418233187535,0.0,0.0,EMA_FAST_LT_EMA_SLOW,EMA_FAST_LT_EMA_SLOW,0,0,0,0,TREND,UP,WEAK,REVERSAL_RISK,NONE,NONE,0,CLOSE_TREND_EXIT_CONFIRMED,NONE,0
2025-08-20 21:00:00+00:00,2025-08-21 05:00:00+00:00,SHORT,114308.03382,113757.4,0.11766913905739784,0.11766913905739784,2,8,OPEN_SHORT_SIGNAL,CLOSE_MAX_HOLD_BARS,0.011336492347915795,0.0009413531124591827,0.0,0.010395139235456612,0.011336492347915795,0.096342103279824,0.0,0.0,EMA_FAST_LT_EMA_SLOW,DOWN_RET6_ATR|CLOSE_LT_EMA_FAST,0,0,0,0,NORMAL,NONE,NONE,NONE,NONE,NONE,0,,NONE,0
2025-08-22 07:00:00+00:00,2025-08-22 15:00:00+00:00,SHORT,112924.31062,115744.5,0.11016105040907861,0.11016105040907861,2,8,OPEN_SHORT_SIGNAL,CLOSE_HARD_STOP,-0.055023585753607274,0.000881288403272629,0.0,-0.055904874156879905,-0.055023585753607274,-0.4994831253812433,0.0,0.0,EMA_FAST_LT_EMA_SLOW,,0,0,0,0,TREND,NONE,NONE,NONE,UP,EARLY,0,,TREND,0
2025-08-23 17:00:00+00:00,2025-08-24 01:00:00+00:00,LONG,114990.89357999999,115335.0,0.11180505454540253,0.11180505454540253,2,8,OPEN_LONG_SIGNAL,CLOSE_MAX_HOLD_BARS,0.006691458055460469,0.0008944404363632202,0.0,0.005797017619097248,0.006691458055460469,0.05984933402758779,0.0,0.0,CLOSE_LT_EMA_FAST,,0,0,0,0,NORMAL,DOWN,WEAK,CONTINUATION,NONE,NONE,0,,NONE,0
2025-08-25 21:00:00+00:00,2025-08-26 08:00:00+00:00,SHORT,109479.19978000001,110244.2,0.06,0.06,0,11,OPEN_SHORT_CRASH,CLOSE_CRASH_FAILED,-0.008385156868562421,0.00047999999999999996,0.0,-0.00886515686856242,-0.008385156868562421,-0.13975261447604037,0.0,0.0,DOWN_RET6_ATR|CLOSE_LT_EMA_FAST|EMA_FAST_LT_EMA_SLOW,EMA_FAST_LT_EMA_SLOW,0,0,1,0,CRASH,DOWN,NORMAL,EARLY,NONE,NONE,0,,PROBATION,0
2025-09-01 17:00:00+00:00,2025-09-01 22:00:00+00:00,LONG,108754.2465,107744.5,0.10947625562548638,0.10947625562548638,2,5,OPEN_LONG_SIGNAL,CLOSE_HARD_STOP,-0.02032900222446753,0.000875810045003891,0.0,-0.02120481226947142,-0.02032900222446753,-0.18569325474568826,0.0,0.0,CLOSE_LT_EMA_FAST,DOWN_RET6_ATR|CLOSE_LT_EMA_FAST,0,0,0,0,NORMAL,NONE,WEAK,NONE,NONE,NONE,0,,NONE,0
2025-09-01 23:00:00+00:00,2025-09-03 23:00:00+00:00,LONG,108407.97726,111899.9,0.05430231580510736,0.05430231580510736,2,48,OPEN_LONG_SIGNAL,CLOSE_TREND_MAX_HOLD_BARS,0.034982571612740654,0.0004344185264408589,0.0,0.03454815308629979,0.034982571612740654,0.6442187795138269,0.0,0.0,CLOSE_LT_EMA_FAST,,0,0,0,0,TREND,NONE,NONE,NONE,UP,REVERSAL_RISK,1,CLOSE_TREND_MAX_HOLD_BARS,RUNNER,1
2025-09-04 01:00:00+00:00,2025-09-04 04:00:00+00:00,LONG,112037.70306,111107.1,0.04251008816063404,0.04251008816063404,1,3,OPEN_LONG_SIGNAL,CLOSE_HARD_STOP,-0.007061911667712399,0.00034008070528507235,0.0,-0.007401992372997471,-0.007061911667712399,-0.16612319506436588,0.0,0.0,,DOWN_RET6_ATR|CLOSE_LT_EMA_FAST,0,0,0,0,NORMAL,UP,NORMAL,EARLY,NONE,NONE,0,,NONE,0
2025-09-05 21:00:00+00:00,2025-09-05 22:00:00+00:00,LONG,111604.11636,110544.0,0.0583052545785904,0.0583052545785904,0,1,OPEN_LONG_SIGNAL,CLOSE_HARD_STOP,-0.011076715853982965,0.00046644203662872313,0.0,-0.011543157890611689,-0.011076715853982965,-0.18997800342424573,0.0,0.0,,CLOSE_LT_EMA_FAST,0,0,0,0,NORMAL,NONE,WEAK,NONE,DOWN,REVERSAL_RISK,0,,NONE,0
2025-09-06 00:00:00+00:00,2025-09-06 05:00:00+00:00,LONG,110636.92296,110834.7,0.07336301915347576,0.07336301915347576,2,5,OPEN_LONG_SIGNAL,CLOSE_LONG_DOWNTREND_CONFIRMED,0.0026229075041943493,0.0005869041532278061,0.0,0.0020360033509665434,0.0026229075041943493,0.03575244768358313,0.0,0.0,CLOSE_LT_EMA_FAST,CLOSE_LT_EMA_FAST|EMA_FAST_LT_EMA_SLOW,0,0,0,0,NORMAL,DOWN,WEAK,REVERSAL_RISK,NONE,NONE,0,CLOSE_LONG_DOWNTREND_CONFIRMED,NONE,0
2025-09-06 09:00:00+00:00,2025-09-06 11:00:00+00:00,LONG,110928.6813,110734.2,0.030540169775485994,0.030540169775485994,0,2,OPEN_LONG_SIGNAL,CLOSE_LONG_DOWNTREND_CONFIRMED,-0.0010708667678279175,0.0002443213582038879,0.0,-0.0013151881260318053,-0.0010708667678279175,-0.03506420480633613,0.0,0.0,EMA_FAST_LT_EMA_SLOW,CLOSE_LT_EMA_FAST|EMA_FAST_LT_EMA_SLOW,0,0,0,0,NORMAL,NONE,NONE,NONE,DOWN,EARLY,0,CLOSE_LONG_DOWNTREND_CONFIRMED,NONE,0
2025-09-10 23:00:00+00:00,2025-09-13 17:00:00+00:00,LONG,113854.2663,115286.6,0.027999999999999997,0.027999999999999997,0,66,UPGRADE_SLOW_LONG_TO_TREND,CLOSE_SLOW_UPTREND_BROKEN,0.007045031320007738,0.00022399999999999997,0.0,0.006821031320007738,0.007045031320007738,0.25160826142884785,0.0,0.0,,DOWN_RET6_ATR|CLOSE_LT_EMA_FAST,0,0,0,1,TREND,UP,STRONG,CONTINUATION,NONE,NONE,1,CLOSE_SLOW_UPTREND_BROKEN,RUNNER,1
2025-09-14 00:00:00+00:00,2025-09-14 10:00:00+00:00,SHORT,115839.52746,115996.2,0.1138793095946312,0.1138793095946312,2,10,OPEN_SHORT_SIGNAL,CLOSE_TREND_EXIT_CONFIRMED,-0.003080427049186306,0.0009110344767570495,0.0,-0.003991461525943356,-0.003080427049186306,-0.02704992733229155,0.0,0.0,,,0,0,0,0,TREND,NONE,NONE,NONE,UP,REVERSAL_RISK,0,CLOSE_TREND_EXIT_CONFIRMED,TREND,0
2025-09-14 11:00:00+00:00,2025-09-14 21:00:00+00:00,SHORT,115956.30410000001,115745.1,0.0823032905906439,0.0823032905906439,1,10,OPEN_SHORT_SIGNAL,CLOSE_TREND_EXIT_CONFIRMED,0.002998162549445318,0.0006584263247251512,0.0,0.002339736224720167,0.002998162549445318,0.036428222103019346,0.0,0.0,,EMA_FAST_LT_EMA_SLOW,0,0,0,0,TREND,UP,WEAK,REVERSAL_RISK,NONE,NONE,0,CLOSE_TREND_EXIT_CONFIRMED,TREND,0
2025-09-17 03:00:00+00:00,2025-09-17 15:00:00+00:00,LONG,116656.42662,115557.5,0.038,0.038,0,12,UPGRADE_SLOW_LONG_TO_TREND,CLOSE_HARD_STOP,-0.00715935037098772,0.000304,0.0,-0.00746335037098772,-0.00715935037098772,-0.1884039571312558,0.0,0.0,,DOWN_RET6_ATR|CLOSE_LT_EMA_FAST,0,0,0,1,TREND,UP,NORMAL,CONTINUATION,DOWN,REVERSAL_RISK,1,,TREND,0
2025-09-18 15:00:00+00:00,2025-09-19 04:00:00+00:00,LONG,117598.61502,116914.1,0.04,0.04,0,13,OPEN_LONG_SLOW_TREND,CLOSE_SLOW_UPTREND_BROKEN,-0.004656619603103838,0.00032,0.0,-0.0049766196031038375,-0.004656619603103838,-0.11641549007759594,0.0,0.0,,CLOSE_LT_EMA_FAST,0,0,0,1,SLOW_UP,UP,WEAK,EARLY,NONE,NONE,0,CLOSE_SLOW_UPTREND_BROKEN,PROBATION,0
2025-09-19 05:00:00+00:00,2025-09-19 12:00:00+00:00,LONG,116952.78588,116343.3,0.017264140117913485,0.017264140117913485,2,7,OPEN_LONG_SIGNAL,CLOSE_HARD_STOP,-0.001799401280274946,0.00013811312094330787,0.0,-0.001937514401218254,-0.001799401280274946,-0.10422768049755719,0.0,0.0,CLOSE_LT_EMA_FAST,DOWN_RET6_ATR|CLOSE_LT_EMA_FAST|EMA_FAST_LT_EMA_SLOW,0,0,0,0,NORMAL,NONE,NONE,NONE,DOWN,REVERSAL_RISK,0,,NONE,0
2025-09-22 03:00:00+00:00,2025-09-22 04:00:00+00:00,SHORT,114103.27478,114602.9,0.06,0.06,0,1,OPEN_SHORT_CRASH,CLOSE_HARD_STOP,-0.005254452732894513,0.00047999999999999996,0.0,-0.005734452732894513,-0.005254452732894513,-0.08757421221490855,0.0,0.0,DOWN_RET6_ATR|CLOSE_LT_EMA_FAST|EMA_FAST_LT_EMA_SLOW,DOWN_RET6_ATR|CLOSE_LT_EMA_FAST|EMA_FAST_LT_EMA_SLOW,0,0,1,0,CRASH,DOWN,NORMAL,EARLY,DOWN,CONTINUATION,0,,PROBATION,0
2025-09-28 07:00:00+00:00,2025-09-28 15:00:00+00:00,LONG,109380.67176,109801.2,0.027782962843775752,0.027782962843775752,2,8,OPEN_LONG_SIGNAL,CLOSE_MAX_HOLD_BARS,0.002136304390653964,0.000222263702750206,0.0,0.001914040687903758,0.002136304390653964,0.07689260510718217,0.0,0.0,CLOSE_LT_EMA_FAST,,0,0,0,0,NORMAL,NONE,NONE,NONE,UP,REVERSAL_RISK,0,,NONE,0
2025-09-29 04:00:00+00:00,2025-09-30 10:00:00+00:00,LONG,111840.26358,112743.1,0.027999999999999997,0.027999999999999997,0,30,UPGRADE_SLOW_LONG_TO_TREND,CLOSE_SLOW_UPTREND_BROKEN,0.004520629503330466,0.00022399999999999997,0.0,0.004296629503330466,0.004520629503330466,0.1614510536903738,0.0,0.0,,DOWN_RET6_ATR|CLOSE_LT_EMA_FAST,0,0,0,1,TREND,UP,NORMAL,CONTINUATION,NONE,NONE,1,CLOSE_SLOW_UPTREND_BROKEN,RUNNER,1
2025-10-01 11:00:00+00:00,2025-10-04 11:00:00+00:00,LONG,116256.7467,122075.1,0.027999999999999997,0.027999999999999997,0,72,UPGRADE_SLOW_LONG_TO_TREND,CLOSE_SLOW_UP_MAX_HOLD_BARS,0.028026569988303322,0.00022399999999999997,0.0,0.027802569988303324,0.028026569988303322,1.00094892815369,0.0,0.0,,CLOSE_LT_EMA_FAST,0,0,0,1,TREND,UP,NORMAL,EARLY,NONE,NONE,1,,RUNNER,1
2025-10-04 14:00:00+00:00,2025-10-05 11:00:00+00:00,LONG,122359.9671,122981.0,0.03180328186228871,0.03180328186228871,1,21,UPGRADE_SLOW_LONG_TO_TREND,CLOSE_SLOW_UPTREND_BROKEN,0.0032283245627735603,0.00025442625489830963,0.0,0.0029738983078752505,0.0032283245627735603,0.10150916426652187,0.0,0.0,,DOWN_RET6_ATR|CLOSE_LT_EMA_FAST,0,0,0,1,TREND,UP,WEAK,EARLY,NONE,NONE,1,CLOSE_SLOW_UPTREND_BROKEN,PROTECT_PROFIT,0
2025-10-06 17:00:00+00:00,2025-10-07 04:00:00+00:00,LONG,125442.78353999999,124277.8,0.06790269777178765,0.06790269777178765,1,11,OPEN_LONG_SLOW_TREND,CLOSE_SLOW_UPTREND_BROKEN,-0.012612208210526827,0.0005432215821743012,0.0,-0.013155429792701128,-0.012612208210526827,-0.1857394275101537,0.0,0.0,,DOWN_RET6_ATR|CLOSE_LT_EMA_FAST,0,0,0,1,SLOW_UP,UP,NORMAL,EARLY,NONE,NONE,0,CLOSE_SLOW_UPTREND_BROKEN,PROBATION,0
2025-10-07 17:00:00+00:00,2025-10-08 03:00:00+00:00,SHORT,121597.27568,121995.1,0.08652370706200599,0.08652370706200599,1,10,OPEN_SHORT_CRASH,CLOSE_CRASH_FAILED,-0.005661514163591284,0.0006921896564960479,0.0,-0.006353703820087332,-0.005661514163591284,-0.06543309753862071,0.0,0.0,DOWN_RET6_ATR|CLOSE_LT_EMA_FAST|EMA_FAST_LT_EMA_SLOW,EMA_FAST_LT_EMA_SLOW,0,0,1,0,CRASH,DOWN,NORMAL,EARLY,NONE,NONE,0,,PROBATION,0
2025-10-10 21:00:00+00:00,2025-10-11 11:00:00+00:00,SHORT,114177.55992,112063.1,0.06,0.06,0,14,OPEN_SHORT_CRASH,CLOSE_CRASH_FAILED,0.022222859778907707,0.00047999999999999996,0.0,0.021742859778907705,0.022222859778907707,0.37038099631512844,0.0,0.0,DOWN_RET6_ATR|CLOSE_LT_EMA_FAST|EMA_FAST_LT_EMA_SLOW|LOWER_HIGH_LOW,EMA_FAST_LT_EMA_SLOW,0,0,1,0,CRASH,DOWN,STRONG,EXHAUSTION,NONE,NONE,0,,PROBATION,0
2025-10-13 14:00:00+00:00,2025-10-14 03:00:00+00:00,LONG,115314.45827999999,113566.1,0.0948063173890114,0.0948063173890114,2,13,OPEN_LONG_SLOW_TREND,CLOSE_HARD_STOP,-0.0287484175836662,0.0007584505391120912,0.0,-0.029506868122778293,-0.0287484175836662,-0.30323314284748615,0.0,0.0,,DOWN_RET6_ATR|CLOSE_LT_EMA_FAST,0,0,0,1,SLOW_UP,UP,WEAK,EARLY,DOWN,REVERSAL_RISK,0,,PROBATION,0
2025-10-17 09:00:00+00:00,2025-10-17 16:00:00+00:00,SHORT,104824.23096,106750.0,0.06,0.06,0,7,OPEN_SHORT_CRASH,CLOSE_HARD_STOP,-0.022045693317624498,0.00047999999999999996,0.0,-0.0225256933176245,-0.022045693317624498,-0.3674282219604083,0.0,0.0,DOWN_RET6_ATR|CLOSE_LT_EMA_FAST|EMA_FAST_LT_EMA_SLOW,EMA_FAST_LT_EMA_SLOW,0,0,1,0,CRASH,DOWN,STRONG,EARLY,NONE,NONE,0,,PROBATION,0
2025-10-20 03:00:00+00:00,2025-10-21 03:00:00+00:00,LONG,108736.04286,109459.3,0.038,0.038,0,24,UPGRADE_SLOW_LONG_TO_TREND,CLOSE_SLOW_UPTREND_BROKEN,0.005055135463295461,0.000304,0.0,0.004751135463295461,0.005055135463295461,0.13302988061303844,0.0,0.0,,DOWN_RET6_ATR|CLOSE_LT_EMA_FAST,0,0,0,1,TREND,UP,NORMAL,EARLY,DOWN,EARLY,1,CLOSE_SLOW_UPTREND_BROKEN,PROTECT_PROFIT,0
2025-10-24 02:00:00+00:00,2025-10-24 18:00:00+00:00,LONG,110557.00697999999,110173.7,0.038,0.038,0,16,UPGRADE_SLOW_LONG_TO_TREND,CLOSE_SLOW_UPTREND_BROKEN,-0.0026349601238092003,0.000304,0.0,-0.0029389601238092003,-0.0026349601238092003,-0.0693410558897158,0.0,0.0,,CLOSE_LT_EMA_FAST,0,0,0,1,TREND,UP,WEAK,EARLY,NONE,NONE,1,CLOSE_SLOW_UPTREND_BROKEN,TREND,0
2025-10-25 19:00:00+00:00,2025-10-27 22:00:00+00:00,LONG,111690.43362,114258.0,0.027999999999999997,0.027999999999999997,0,51,UPGRADE_SLOW_LONG_TO_TREND,CLOSE_SLOW_UPTREND_BROKEN,0.012873413829620352,0.00022399999999999997,0.0,0.012649413829620352,0.012873413829620352,0.45976477962929835,0.0,0.0,,CLOSE_LT_EMA_FAST,0,0,0,1,TREND,UP,WEAK,EARLY,DOWN,EARLY,1,CLOSE_SLOW_UPTREND_BROKEN,RUNNER,1
2025-10-29 13:00:00+00:00,2025-10-30 08:00:00+00:00,SHORT,113079.77952,111313.6,0.08305653188377618,0.08305653188377618,1,19,OPEN_SHORT_SIGNAL,CLOSE_TREND_EXIT_CONFIRMED,0.025945000288828245,0.0006644522550702094,0.0,0.025280548033758034,0.025945000288828245,0.3123776023435937,0.0,0.0,EMA_FAST_LT_EMA_SLOW,EMA_FAST_LT_EMA_SLOW,0,0,0,0,TREND,NONE,NONE,NONE,NONE,NONE,0,CLOSE_TREND_EXIT_CONFIRMED,TREND,0
2025-11-03 04:00:00+00:00,2025-11-03 06:00:00+00:00,SHORT,107864.4228,107556.8,0.06,0.06,0,2,OPEN_SHORT_CRASH,CLOSE_SHORT_REVERSE_CONFIRMED,0.003422327310687624,0.00047999999999999996,0.0,0.002942327310687624,0.003422327310687624,0.0570387885114604,0.0,0.0,DOWN_RET6_ATR|CLOSE_LT_EMA_FAST|EMA_FAST_LT_EMA_SLOW,DOWN_RET6_ATR|CLOSE_LT_EMA_FAST|EMA_FAST_LT_EMA_SLOW,0,0,1,0,CRASH,DOWN,STRONG,EARLY,DOWN,EARLY,0,,PROBATION,0
2025-11-04 18:00:00+00:00,2025-11-05 03:00:00+00:00,SHORT,101054.58504,101633.8,0.06,0.06,0,9,OPEN_SHORT_CRASH,CLOSE_REVERSE_SIGNAL,-0.006878044689658319,0.00047999999999999996,0.0,-0.007358044689658319,-0.006878044689658319,-0.11463407816097199,0.0,0.0,DOWN_RET6_ATR|CLOSE_LT_EMA_FAST|EMA_FAST_LT_EMA_SLOW,EMA_FAST_LT_EMA_SLOW,0,0,1,0,CRASH,DOWN,NORMAL,CONTINUATION,DOWN,CONTINUATION,0,,PROBATION,0
2025-11-10 04:00:00+00:00,2025-11-10 16:00:00+00:00,LONG,106011.79812,105028.9,0.06504307180643082,0.06504307180643082,1,12,OPEN_LONG_SLOW_TREND,CLOSE_SLOW_UPTREND_BROKEN,-0.012061056246815157,0.0005203445744514465,0.0,-0.012581400821266605,-0.012061056246815157,-0.18543183634852065,0.0,0.0,,DOWN_RET6_ATR|CLOSE_LT_EMA_FAST,0,0,0,1,SLOW_UP,UP,NORMAL,CONTINUATION,NONE,NONE,0,CLOSE_SLOW_UPTREND_BROKEN,PROBATION,0
2025-11-13 21:00:00+00:00,2025-11-13 23:00:00+00:00,SHORT,98112.47358,99820.5,0.06,0.06,0,2,OPEN_SHORT_CRASH,CLOSE_HARD_STOP,-0.02089063326212791,0.00047999999999999996,0.0,-0.02137063326212791,-0.02089063326212791,-0.34817722103546517,0.0,0.0,DOWN_RET6_ATR|CLOSE_LT_EMA_FAST|EMA_FAST_LT_EMA_SLOW,CLOSE_LT_EMA_FAST|EMA_FAST_LT_EMA_SLOW,0,0,1,0,CRASH,DOWN,NORMAL,EARLY,DOWN,CONTINUATION,0,,PROBATION,0
2025-11-15 20:00:00+00:00,2025-11-16 05:00:00+00:00,SHORT,95948.50646,95781.0,0.10384089778363705,0.10384089778363705,1,9,OPEN_SHORT_SIGNAL,CLOSE_TREND_EXIT_CONFIRMED,0.0036256992073577963,0.0008307271822690965,0.0,0.0027949720250887,0.0036256992073577963,0.034915907746794574,0.0,0.0,CLOSE_LT_EMA_FAST|EMA_FAST_LT_EMA_SLOW,EMA_FAST_LT_EMA_SLOW,0,0,0,0,TREND,NONE,NONE,NONE,NONE,NONE,0,CLOSE_TREND_EXIT_CONFIRMED,TREND,0
2025-11-20 17:00:00+00:00,2025-11-21 14:00:00+00:00,SHORT,87837.9289,84065.3,0.05687172144651413,0.05687172144651413,1,21,OPEN_SHORT_CRASH,CLOSE_CRASH_MAX_HOLD_BARS,0.04885267733626374,0.00045497377157211307,0.0,0.04839770356469163,0.04885267733626374,0.8589976897781788,0.0,0.0,DOWN_RET6_ATR|CLOSE_LT_EMA_FAST|EMA_FAST_LT_EMA_SLOW,EMA_FAST_LT_EMA_SLOW,0,0,1,0,CRASH,DOWN,WEAK,EARLY,DOWN,CONTINUATION,0,,PROBATION,0
2025-11-23 11:00:00+00:00,2025-11-24 11:00:00+00:00,LONG,86041.20479999999,86017.1,0.038,0.038,0,24,UPGRADE_SLOW_LONG_TO_TREND,CLOSE_SLOW_UPTREND_BROKEN,-0.00021291714873789962,0.000304,0.0,-0.0005169171487378996,-0.00021291714873789962,-0.005603082861523674,0.0,0.0,,CLOSE_LT_EMA_FAST,0,0,0,1,TREND,UP,WEAK,EARLY,NONE,NONE,1,CLOSE_SLOW_UPTREND_BROKEN,PROTECT_PROFIT,0
2025-11-27 10:00:00+00:00,2025-11-28 22:00:00+00:00,LONG,91542.00473999999,90831.7,0.019,0.019,0,36,UPGRADE_SLOW_LONG_TO_TREND,CLOSE_SLOW_UPTREND_BROKEN,-0.0029485458830251646,0.000152,0.0,-0.003100545883025165,-0.0029485458830251646,-0.1551866254223771,0.0,0.0,,DOWN_RET6_ATR|CLOSE_LT_EMA_FAST|EMA_FAST_LT_EMA_SLOW,0,0,0,1,TREND,UP,STRONG,CONTINUATION,NONE,NONE,1,CLOSE_SLOW_UPTREND_BROKEN,TREND,0
2025-12-01 01:00:00+00:00,2025-12-01 15:00:00+00:00,SHORT,86953.20588000001,86017.4,0.06,0.06,0,14,OPEN_SHORT_CRASH,CLOSE_CRASH_TRAIL,0.012914613608953887,0.00047999999999999996,0.0,0.012434613608953888,0.012914613608953887,0.21524356014923146,0.0,0.0,DOWN_RET6_ATR|CLOSE_LT_EMA_FAST|EMA_FAST_LT_EMA_SLOW,CLOSE_LT_EMA_FAST|EMA_FAST_LT_EMA_SLOW,0,0,1,0,CRASH,DOWN,NORMAL,EARLY,DOWN,CONTINUATION,0,,PROBATION,0
2025-12-03 01:00:00+00:00,2025-12-04 14:00:00+00:00,LONG,91638.62406,92480.4,0.04,0.04,0,37,UPGRADE_SLOW_LONG_TO_TREND,CLOSE_SLOW_UPTREND_BROKEN,0.00734865629976149,0.00032,0.0,0.00702865629976149,0.00734865629976149,0.18371640749403725,0.0,0.0,,DOWN_RET6_ATR|CLOSE_LT_EMA_FAST,0,0,0,1,TREND,UP,STRONG,CONTINUATION,NONE,NONE,1,CLOSE_SLOW_UPTREND_BROKEN,TREND,0
2025-12-08 10:00:00+00:00,2025-12-08 16:00:00+00:00,LONG,91883.67306,89912.7,0.02,0.02,0,6,OPEN_LONG_SLOW_TREND,CLOSE_HARD_STOP,-0.008580297214339524,0.00016,0.0,-0.008740297214339525,-0.008580297214339524,-0.4290148607169762,0.0,0.0,,DOWN_RET6_ATR|CLOSE_LT_EMA_FAST,0,0,0,1,SLOW_UP,UP,STRONG,EARLY,NONE,NONE,0,,PROBATION,0
2025-12-11 22:00:00+00:00,2025-12-12 06:00:00+00:00,SHORT,92805.03528000001,92404.9,0.12044608816504479,0.12044608816504479,2,8,OPEN_SHORT_SIGNAL,CLOSE_MAX_HOLD_BARS,0.010386231537420281,0.0009635687053203583,0.0,0.009422662832099922,0.010386231537420281,0.08623137285445287,0.0,0.0,EMA_FAST_LT_EMA_SLOW,,0,0,0,0,NORMAL,NONE,WEAK,NONE,UP,EARLY,0,,NONE,0
2025-12-15 17:00:00+00:00,2025-12-16 06:00:00+00:00,SHORT,86343.32788000001,85983.8,0.0863399377465248,0.0863399377465248,1,13,OPEN_SHORT_CRASH,CLOSE_CRASH_FAILED,0.007190275274189674,0.0006907195019721985,0.0,0.0064995557722174755,0.007190275274189674,0.0832786710513824,0.0,0.0,DOWN_RET6_ATR|CLOSE_LT_EMA_FAST|EMA_FAST_LT_EMA_SLOW,EMA_FAST_LT_EMA_SLOW,0,0,1,0,CRASH,DOWN,NORMAL,EARLY,NONE,NONE,0,,PROBATION,0
2025-12-17 16:00:00+00:00,2025-12-18 00:00:00+00:00,SHORT,87173.5618,86201.6,0.11127137318253517,0.11127137318253517,2,8,OPEN_SHORT_SIGNAL,CLOSE_MAX_HOLD_BARS,0.024812918489001676,0.0008901709854602813,0.0,0.023922747503541394,0.024812918489001676,0.22299462817176985,0.0,0.0,CLOSE_LT_EMA_FAST,CLOSE_LT_EMA_FAST|EMA_FAST_LT_EMA_SLOW,0,0,0,0,NORMAL,DOWN,WEAK,EARLY,DOWN,REVERSAL_RISK,0,,NONE,0
2025-12-18 20:00:00+00:00,2025-12-19 01:00:00+00:00,SHORT,84430.1106,85572.8,0.1112950912117958,0.1112950912117958,2,5,OPEN_SHORT_CRASH,CLOSE_CRASH_FAILED,-0.030125679119921117,0.0008903607296943663,0.0,-0.031016039849615484,-0.030125679119921117,-0.27068290965853664,0.0,0.0,DOWN_RET6_ATR|CLOSE_LT_EMA_FAST,CLOSE_LT_EMA_FAST|EMA_FAST_LT_EMA_SLOW,0,0,1,0,CRASH,NONE,WEAK,NONE,DOWN,EARLY,0,,PROBATION,0
2025-12-20 02:00:00+00:00,2025-12-21 14:00:00+00:00,LONG,88054.20732,87630.4,0.04,0.04,0,36,UPGRADE_SLOW_LONG_TO_TREND,CLOSE_SLOW_UPTREND_BROKEN,-0.003850421987990542,0.00032,0.0,-0.004170421987990542,-0.003850421987990542,-0.09626054969976355,0.0,0.0,,DOWN_RET6_ATR|CLOSE_LT_EMA_FAST,0,0,0,1,TREND,UP,WEAK,EARLY,NONE,NONE,1,CLOSE_SLOW_UPTREND_BROKEN,TREND,0
2025-12-22 10:00:00+00:00,2025-12-22 20:00:00+00:00,LONG,89803.25706,88011.0,0.04,0.04,0,10,OPEN_LONG_SLOW_TREND,CLOSE_HARD_STOP,-0.01596607623086586,0.00032,0.0,-0.01628607623086586,-0.01596607623086586,-0.3991519057716465,0.0,0.0,,DOWN_RET6_ATR|CLOSE_LT_EMA_FAST,0,0,0,1,SLOW_UP,UP,WEAK,EARLY,NONE,NONE,0,,PROBATION,0
2025-12-24 14:00:00+00:00,2025-12-24 18:00:00+00:00,SHORT,87233.0499,87284.6,0.08668462559580803,0.08668462559580803,1,4,OPEN_SHORT_SIGNAL,CLOSE_TREND_EXIT_CONFIRMED,-0.0010245202072035149,0.0006934770047664642,0.0,-0.001717997211969979,-0.0010245202072035149,-0.011818937904636454,0.0,0.0,EMA_FAST_LT_EMA_SLOW,EMA_FAST_LT_EMA_SLOW,0,0,0,0,TREND,NONE,NONE,NONE,NONE,NONE,0,CLOSE_TREND_EXIT_CONFIRMED,TREND,0
2025-12-25 07:00:00+00:00,2025-12-25 15:00:00+00:00,SHORT,87782.04008,87675.0,0.11581472232937813,0.11581472232937813,2,8,OPEN_SHORT_SIGNAL,CLOSE_MAX_HOLD_BARS,0.002824454098359371,0.000926517778635025,0.0,0.0018979363197243462,0.002824454098359371,0.02438769477274744,0.0,0.0,,,0,0,0,0,NORMAL,NONE,NONE,NONE,NONE,NONE,0,,NONE,0
2025-12-25 16:00:00+00:00,2025-12-26 00:00:00+00:00,SHORT,88321.3322,87182.8,0.11655355244874954,0.11655355244874954,2,8,OPEN_SHORT_SIGNAL,CLOSE_MAX_HOLD_BARS,0.030049359352233677,0.0009324284195899963,0.0,0.02911693093264368,0.030049359352233677,0.2578159028267016,0.0,0.0,,DOWN_RET6_ATR|CLOSE_LT_EMA_FAST,0,0,0,0,TREND,UP,WEAK,EARLY,NONE,NONE,0,,NONE,0
2025-12-26 04:00:00+00:00,2025-12-26 10:00:00+00:00,SHORT,88778.44076,88782.9,0.11781873479485512,0.11781873479485512,2,6,OPEN_SHORT_SIGNAL,CLOSE_REVERSE_SIGNAL,-0.00011835801810633133,0.000942549878358841,0.0,-0.0010609078964651723,-0.00011835801810633133,-0.0010045772288457791,0.0,0.0,,,0,0,0,0,NORMAL,UP,WEAK,CONTINUATION,UP,EARLY,0,,NONE,0
2025-12-26 11:00:00+00:00,2025-12-26 14:00:00+00:00,SHORT,88699.65651999999,88959.2,0.11068799272179604,0.11068799272179604,2,3,OPEN_SHORT_SIGNAL,CLOSE_REVERSE_SIGNAL,-0.006477668111094159,0.0008855039417743683,0.0,-0.007363172052868527,-0.006477668111094159,-0.058521868107005735,0.0,0.0,,,0,0,0,0,NORMAL,UP,NORMAL,EARLY,UP,CONTINUATION,0,,NONE,0
2025-12-29 10:00:00+00:00,2025-12-29 14:00:00+00:00,SHORT,88050.58636,87354.3,0.06,0.06,0,4,OPEN_SHORT_CRASH,CLOSE_CRASH_FAILED,0.009489359089374245,0.00047999999999999996,0.0,0.009009359089374246,0.009489359089374245,0.1581559848229041,0.0,0.0,DOWN_RET6_ATR|CLOSE_LT_EMA_FAST,DOWN_RET6_ATR|CLOSE_LT_EMA_FAST,0,0,1,0,CRASH,NONE,WEAK,NONE,NONE,NONE,0,,PROBATION,0
2025-12-31 11:00:00+00:00,2025-12-31 16:00:00+00:00,LONG,88822.36092,87909.0,0.04,0.04,0,5,OPEN_LONG_SLOW_TREND,CLOSE_HARD_STOP,-0.008226405247864527,0.00032,0.0,-0.008546405247864527,-0.008226405247864527,-0.20566013119661317,0.0,0.0,,DOWN_RET6_ATR|CLOSE_LT_EMA_FAST,0,0,0,1,SLOW_UP,UP,WEAK,EARLY,DOWN,REVERSAL_RISK,0,,PROBATION,0
2025-12-31 18:00:00+00:00,2025-12-31 21:00:00+00:00,SHORT,87569.68256,87629.0,0.06,0.06,0,3,OPEN_SHORT_CRASH,CLOSE_SHORT_REVERSE_CONFIRMED,-0.0008128489897314375,0.00047999999999999996,0.0,-0.0012928489897314375,-0.0008128489897314375,-0.013547483162190625,0.0,0.0,DOWN_RET6_ATR|CLOSE_LT_EMA_FAST,DOWN_RET6_ATR|CLOSE_LT_EMA_FAST|EMA_FAST_LT_EMA_SLOW,0,0,1,0,CRASH,NONE,WEAK,NONE,DOWN,REVERSAL_RISK,0,,PROBATION,0
2026-01-01 02:00:00+00:00,2026-01-01 10:00:00+00:00,LONG,87934.18332000001,87846.8,0.035491405799984936,0.035491405799984936,2,8,OPEN_LONG_SIGNAL,CLOSE_MAX_HOLD_BARS,-0.0007053814007651893,0.0002839312463998795,0.0,-0.000989312647165069,-0.0007053814007651893,-0.019874710084475965,0.0,0.0,EMA_FAST_LT_EMA_SLOW,EMA_FAST_LT_EMA_SLOW,0,0,0,0,NORMAL,DOWN,WEAK,EARLY,NONE,NONE,0,,NONE,0
2026-01-01 11:00:00+00:00,2026-01-01 12:00:00+00:00,LONG,87851.36676,87980.1,0.05792278498411179,0.05792278498411179,0,1,OPEN_LONG_SIGNAL,CLOSE_REVERSE_SIGNAL,0.0016975462205838397,0.0004633822798728943,0.0,0.0012341639407109453,0.0016975462205838397,0.029307054573592693,0.0,0.0,EMA_FAST_LT_EMA_SLOW,EMA_FAST_LT_EMA_SLOW,0,0,0,0,NORMAL,NONE,NONE,NONE,NONE,NONE,0,,NONE,0
2026-01-02 10:00:00+00:00,2026-01-03 09:00:00+00:00,LONG,89447.886,89625.2,0.038,0.038,0,23,UPGRADE_SLOW_LONG_TO_TREND,CLOSE_SLOW_UPTREND_BROKEN,0.0015065603674523829,0.000304,0.0,0.0012025603674523828,0.0015065603674523829,0.039646325459273234,0.0,0.0,,DOWN_RET6_ATR|CLOSE_LT_EMA_FAST,0,0,0,1,TREND,UP,NORMAL,CONTINUATION,NONE,NONE,1,CLOSE_SLOW_UPTREND_BROKEN,PROTECT_PROFIT,0
2026-01-04 06:00:00+00:00,2026-01-06 17:00:00+00:00,LONG,91455.38742,92651.3,0.027999999999999997,0.027999999999999997,0,59,UPGRADE_SLOW_LONG_TO_TREND,CLOSE_SLOW_UPTREND_BROKEN,0.007322816771027594,0.00022399999999999997,0.0,0.007098816771027594,0.007322816771027594,0.26152917039384266,0.0,0.0,,DOWN_RET6_ATR|CLOSE_LT_EMA_FAST,0,0,0,1,TREND,UP,NORMAL,CONTINUATION,DOWN,REVERSAL_RISK,1,CLOSE_SLOW_UPTREND_BROKEN,RUNNER,1
2026-01-10 08:00:00+00:00,2026-01-10 13:00:00+00:00,LONG,90645.22542,90696.6,0.11311455592513085,0.11311455592513085,2,5,OPEN_LONG_SIGNAL,CLOSE_REVERSE_SIGNAL,0.0012821883945049568,0.0009049164474010467,0.0,0.00037727194710391004,0.0012821883945049568,0.011335308564121682,0.0,0.0,EMA_FAST_LT_EMA_SLOW,EMA_FAST_LT_EMA_SLOW,0,0,0,0,NORMAL,NONE,NONE,NONE,NONE,NONE,0,,NONE,0
2026-01-12 03:00:00+00:00,2026-01-12 08:00:00+00:00,LONG,92187.23376,91369.2,0.04,0.04,0,5,OPEN_LONG_SLOW_TREND,CLOSE_HARD_STOP,-0.0070988897411081685,0.00032,0.0,-0.0074188897411081684,-0.0070988897411081685,-0.17747224352770422,0.0,0.0,,CLOSE_LT_EMA_FAST,0,0,0,1,SLOW_UP,UP,STRONG,EARLY,NONE,NONE,0,,PROBATION,0
2026-01-12 09:00:00+00:00,2026-01-12 11:00:00+00:00,SHORT,90695.8572,90394.6,0.06,0.06,0,2,OPEN_SHORT_CRASH,CLOSE_CRASH_FAILED,0.003985944354688686,0.00047999999999999996,0.0,0.0035059443546886864,0.003985944354688686,0.06643240591147812,0.0,0.0,DOWN_RET6_ATR|CLOSE_LT_EMA_FAST,DOWN_RET6_ATR|CLOSE_LT_EMA_FAST,0,0,1,0,CRASH,NONE,WEAK,NONE,NONE,NONE,0,,PROBATION,0
2026-01-13 04:00:00+00:00,2026-01-13 12:00:00+00:00,LONG,91399.17618,91962.1,0.11213072612881661,0.11213072612881661,2,8,OPEN_LONG_SIGNAL,CLOSE_MAX_HOLD_BARS,0.013812171910061625,0.0008970458090305328,0.0,0.012915126101031092,0.013812171910061625,0.12317918903150685,0.0,0.0,CLOSE_LT_EMA_FAST,,0,0,0,0,NORMAL,NONE,NONE,NONE,UP,EARLY,0,,NONE,0
2026-01-13 15:00:00+00:00,2026-01-15 20:00:00+00:00,LONG,92432.68284,95469.2,0.0266,0.0266,0,53,UPGRADE_SLOW_LONG_TO_TREND,CLOSE_SLOW_UPTREND_BROKEN,0.01747679586360475,0.00021280000000000002,0.0,0.01726399586360475,0.01747679586360475,0.6570224008873966,0.0,0.0,,DOWN_RET6_ATR|CLOSE_LT_EMA_FAST,0,0,0,1,TREND,UP,NORMAL,EARLY,NONE,NONE,1,CLOSE_SLOW_UPTREND_BROKEN,RUNNER,1
2026-01-15 21:00:00+00:00,2026-01-16 05:00:00+00:00,LONG,95239.84416000001,95233.4,0.0004399803001433611,0.0004399803001433611,0,8,OPEN_LONG_SIGNAL,CLOSE_MAX_HOLD_BARS,-5.954027909190247e-07,3.5198424011468888e-06,0.0,-4.115245192065913e-06,-5.954027909190247e-07,-0.0013532487493758732,0.0,0.0,CLOSE_LT_EMA_FAST,CLOSE_LT_EMA_FAST|EMA_FAST_LT_EMA_SLOW,0,0,0,0,NORMAL,DOWN,WEAK,EARLY,DOWN,EARLY,0,,NONE,0
2026-01-19 01:00:00+00:00,2026-01-19 03:00:00+00:00,SHORT,92639.66836,92516.8,0.06,0.06,0,2,OPEN_SHORT_CRASH,CLOSE_SHORT_REVERSE_CONFIRMED,0.0015915647649668652,0.00047999999999999996,0.0,0.0011115647649668652,0.0015915647649668652,0.02652607941611442,0.0,0.0,DOWN_RET6_ATR|CLOSE_LT_EMA_FAST|EMA_FAST_LT_EMA_SLOW,DOWN_RET6_ATR|CLOSE_LT_EMA_FAST|EMA_FAST_LT_EMA_SLOW,0,0,1,0,CRASH,DOWN,NORMAL,EARLY,DOWN,EXHAUSTION,0,,PROBATION,0
2026-01-20 07:00:00+00:00,2026-01-21 01:00:00+00:00,SHORT,90876.3211,88895.5,0.06,0.06,0,18,OPEN_SHORT_CRASH,CLOSE_CRASH_MAX_HOLD_BARS,0.02615626701464262,0.00047999999999999996,0.0,0.02567626701464262,0.02615626701464262,0.435937783577377,0.0,0.0,DOWN_RET6_ATR|CLOSE_LT_EMA_FAST|EMA_FAST_LT_EMA_SLOW,CLOSE_LT_EMA_FAST|EMA_FAST_LT_EMA_SLOW,0,0,1,0,CRASH,DOWN,STRONG,EARLY,DOWN,CONTINUATION,0,,PROBATION,0
2026-01-25 09:00:00+00:00,2026-01-25 11:00:00+00:00,SHORT,88237.24902,88616.0,0.06,0.06,0,2,OPEN_SHORT_CRASH,CLOSE_HARD_STOP,-0.005150899206943526,0.00047999999999999996,0.0,-0.0056308992069435265,-0.005150899206943526,-0.08584832011572543,0.0,0.0,DOWN_RET6_ATR|CLOSE_LT_EMA_FAST|EMA_FAST_LT_EMA_SLOW,DOWN_RET6_ATR|CLOSE_LT_EMA_FAST|EMA_FAST_LT_EMA_SLOW,0,0,1,0,CRASH,DOWN,STRONG,ACCELERATION,DOWN,CONTINUATION,0,,PROBATION,0
2026-01-25 19:00:00+00:00,2026-01-26 02:00:00+00:00,SHORT,87352.72596,87661.7,0.06,0.06,0,7,OPEN_SHORT_CRASH,CLOSE_REVERSE_SIGNAL,-0.004244502320051022,0.00047999999999999996,0.0,-0.004724502320051022,-0.004244502320051022,-0.0707417053341837,0.0,0.0,DOWN_RET6_ATR|CLOSE_LT_EMA_FAST|EMA_FAST_LT_EMA_SLOW,EMA_FAST_LT_EMA_SLOW,0,0,1,0,CRASH,DOWN,NORMAL,CONTINUATION,DOWN,CONTINUATION,0,,PROBATION,0
2026-01-28 12:00:00+00:00,2026-01-29 01:00:00+00:00,LONG,90054.90737999999,89112.0,0.04,0.04,0,13,OPEN_LONG_SLOW_TREND,CLOSE_SLOW_UPTREND_BROKEN,-0.008376288710364247,0.00032,0.0,-0.008696288710364248,-0.008376288710364247,-0.20940721775910617,0.0,0.0,,CLOSE_LT_EMA_FAST,0,0,0,1,SLOW_UP,UP,NORMAL,EARLY,NONE,NONE,0,CLOSE_SLOW_UPTREND_BROKEN,PROBATION,0
2026-01-29 16:00:00+00:00,2026-01-30 10:00:00+00:00,SHORT,84880.92042,82320.5,0.06,0.06,0,18,OPEN_SHORT_CRASH,CLOSE_CRASH_MAX_HOLD_BARS,0.0361978226531582,0.00047999999999999996,0.0,0.0357178226531582,0.0361978226531582,0.6032970442193033,0.0,0.0,DOWN_RET6_ATR|CLOSE_LT_EMA_FAST|EMA_FAST_LT_EMA_SLOW,CLOSE_LT_EMA_FAST|EMA_FAST_LT_EMA_SLOW,0,0,1,0,CRASH,DOWN,NORMAL,EARLY,DOWN,EARLY,0,,PROBATION,0
2026-01-31 17:00:00+00:00,2026-02-01 05:00:00+00:00,SHORT,80304.9358,78938.3,0.06,0.06,0,12,OPEN_SHORT_CRASH,CLOSE_REVERSE_SIGNAL,0.02042169567365502,0.00047999999999999996,0.0,0.01994169567365502,0.02042169567365502,0.340361594560917,0.0,0.0,DOWN_RET6_ATR|CLOSE_LT_EMA_FAST|EMA_FAST_LT_EMA_SLOW,EMA_FAST_LT_EMA_SLOW,0,0,1,0,CRASH,DOWN,NORMAL,EARLY,DOWN,CONTINUATION,0,,PROBATION,0
2026-02-03 19:00:00+00:00,2026-02-03 20:00:00+00:00,SHORT,73097.07766,74893.9,0.06,0.06,0,1,OPEN_SHORT_CRASH,CLOSE_HARD_STOP,-0.02949757879554605,0.00047999999999999996,0.0,-0.02997757879554605,-0.02949757879554605,-0.49162631325910083,0.0,0.0,DOWN_RET6_ATR|CLOSE_LT_EMA_FAST|EMA_FAST_LT_EMA_SLOW,DOWN_RET6_ATR|CLOSE_LT_EMA_FAST|EMA_FAST_LT_EMA_SLOW|LOWER_HIGH_LOW,0,0,1,0,CRASH,DOWN,STRONG,EARLY,DOWN,ACCELERATION,0,,PROBATION,0
2026-02-05 16:00:00+00:00,2026-02-06 02:00:00+00:00,SHORT,67438.5096,65666.0,0.06,0.06,0,10,OPEN_SHORT_CRASH,CLOSE_CRASH_TRAIL,0.03154001374905838,0.00047999999999999996,0.0,0.031060013749058382,0.03154001374905838,0.5256668958176397,0.0,0.0,DOWN_RET6_ATR|CLOSE_LT_EMA_FAST|EMA_FAST_LT_EMA_SLOW,EMA_FAST_LT_EMA_SLOW,0,0,1,0,CRASH,DOWN,NORMAL,CONTINUATION,DOWN,CONTINUATION,0,,PROBATION,0
2026-02-08 10:00:00+00:00,2026-02-09 09:00:00+00:00,LONG,70080.91338,69832.1,0.04,0.04,0,23,UPGRADE_SLOW_LONG_TO_TREND,CLOSE_SLOW_UPTREND_BROKEN,-0.0028402983694102344,0.00032,0.0,-0.0031602983694102344,-0.0028402983694102344,-0.07100745923525585,0.0,0.0,EMA_FAST_LT_EMA_SLOW,CLOSE_LT_EMA_FAST,0,0,0,1,TREND,UP,WEAK,EARLY,NONE,NONE,1,CLOSE_SLOW_UPTREND_BROKEN,TREND,0
2026-02-12 18:00:00+00:00,2026-02-13 00:00:00+00:00,SHORT,65370.72324000001,66243.2,0.08569133713841438,0.08569133713841438,1,6,OPEN_SHORT_CRASH,CLOSE_CRASH_FAILED,-0.022873756471105743,0.0006855306971073151,0.0,-0.02355928716821306,-0.022873756471105743,-0.26693195875982795,0.0,0.0,DOWN_RET6_ATR|CLOSE_LT_EMA_FAST|EMA_FAST_LT_EMA_SLOW,CLOSE_LT_EMA_FAST|EMA_FAST_LT_EMA_SLOW,0,0,1,0,CRASH,DOWN,NORMAL,EARLY,DOWN,EARLY,0,,PROBATION,0
2026-02-13 04:00:00+00:00,2026-02-13 12:00:00+00:00,SHORT,66506.29608,67137.8,0.11251402050256729,0.11251402050256729,2,8,OPEN_SHORT_SIGNAL,CLOSE_MAX_HOLD_BARS,-0.021367313830516942,0.0009001121640205384,0.0,-0.02226742599453748,-0.021367313830516942,-0.18990801088678005,0.0,0.0,EMA_FAST_LT_EMA_SLOW,EMA_FAST_LT_EMA_SLOW,0,0,0,0,NORMAL,NONE,WEAK,NONE,NONE,NONE,0,,NONE,0
2026-02-14 12:00:00+00:00,2026-02-14 13:00:00+00:00,SHORT,70450.70704000001,69602.2,0.05880499482154847,0.05880499482154847,0,1,OPEN_SHORT_SIGNAL,CLOSE_REVERSE_SIGNAL,0.014164925857995498,0.0004704399585723877,0.0,0.01369448589942311,0.014164925857995498,0.24087963787737485,0.0,0.0,,,0,0,0,0,NORMAL,UP,NORMAL,CONTINUATION,UP,CONTINUATION,0,,NONE,0
2026-02-14 15:00:00+00:00,2026-02-14 16:00:00+00:00,SHORT,69653.36654,69754.2,0.057165101170539856,0.057165101170539856,0,1,OPEN_SHORT_SIGNAL,CLOSE_REVERSE_SIGNAL,-0.0016550972992712613,0.00045732080936431883,0.0,-0.00211241810863558,-0.0016550972992712613,-0.02895293221529745,0.0,0.0,,,0,0,0,0,NORMAL,UP,NORMAL,EARLY,UP,EARLY,0,,NONE,0
2026-02-14 21:00:00+00:00,2026-02-15 14:00:00+00:00,LONG,70001.4975,68907.2,0.038,0.038,0,17,UPGRADE_SLOW_LONG_TO_TREND,CLOSE_HARD_STOP,-0.011880690123807717,0.000304,0.0,-0.012184690123807717,-0.011880690123807717,-0.3126497401002031,0.0,0.0,,DOWN_RET6_ATR|CLOSE_LT_EMA_FAST,0,0,0,1,TREND,UP,WEAK,EARLY,NONE,NONE,1,,PROTECT_PROFIT,0
2026-02-16 10:00:00+00:00,2026-02-16 13:00:00+00:00,SHORT,68947.2078,69739.3,0.11313485130667687,0.11313485130667687,2,3,OPEN_SHORT_SIGNAL,CLOSE_HARD_STOP,-0.02599473891042139,0.0009050788104534149,0.0,-0.026899817720874807,-0.02599473891042139,-0.22976773832456754,0.0,0.0,EMA_FAST_LT_EMA_SLOW,EMA_FAST_LT_EMA_SLOW,0,0,0,0,NORMAL,NONE,WEAK,NONE,NONE,NONE,0,,NONE,0
2026-02-17 01:00:00+00:00,2026-02-17 17:00:00+00:00,SHORT,68836.13002,67493.1,0.10771808441728355,0.10771808441728355,2,16,OPEN_SHORT_SIGNAL,CLOSE_TREND_EXIT_CONFIRMED,0.04203275838640908,0.0008617446753382684,0.0,0.04117101371107081,0.04203275838640908,0.39021078599560444,0.0,0.0,EMA_FAST_LT_EMA_SLOW,CLOSE_LT_EMA_FAST|EMA_FAST_LT_EMA_SLOW,0,0,0,0,TREND,NONE,WEAK,NONE,DOWN,EARLY,0,CLOSE_TREND_EXIT_CONFIRMED,TREND,0
2026-02-19 08:00:00+00:00,2026-02-19 20:00:00+00:00,SHORT,67166.96392,67022.8,0.11147265668958425,0.11147265668958425,2,12,OPEN_SHORT_SIGNAL,CLOSE_TREND_EXIT_CONFIRMED,0.004785190285011106,0.000891781253516674,0.0,0.0038934090314944316,0.004785190285011106,0.04292703185801279,0.0,0.0,EMA_FAST_LT_EMA_SLOW,EMA_FAST_LT_EMA_SLOW,0,0,0,0,TREND,NONE,WEAK,NONE,UP,REVERSAL_RISK,0,CLOSE_TREND_EXIT_CONFIRMED,TREND,0
2026-02-19 21:00:00+00:00,2026-02-20 02:00:00+00:00,SHORT,67105.17628000001,67249.3,0.119214303791523,0.119214303791523,2,5,OPEN_SHORT_SIGNAL,CLOSE_REVERSE_SIGNAL,-0.005120799882248084,0.000953714430332184,0.0,-0.006074514312580269,-0.005120799882248084,-0.04295457608176889,0.0,0.0,EMA_FAST_LT_EMA_SLOW,,0,0,0,0,NORMAL,NONE,NONE,NONE,UP,REVERSAL_RISK,0,,NONE,0
2026-02-20 03:00:00+00:00,2026-02-20 10:00:00+00:00,SHORT,67194.5584,68174.2,0.11782546937465668,0.11782546937465668,2,7,OPEN_SHORT_SIGNAL,CLOSE_HARD_STOP,-0.03435597586692079,0.0009426037549972534,0.0,-0.03529857962191804,-0.03435597586692079,-0.29158361133005156,0.0,0.0,,,0,0,0,0,NORMAL,UP,WEAK,REVERSAL_RISK,UP,EARLY,0,,NONE,0
2026-02-21 14:00:00+00:00,2026-02-22 00:00:00+00:00,LONG,68236.94466000001,67933.2,0.06673123627901077,0.06673123627901077,1,10,OPEN_LONG_SLOW_TREND,CLOSE_SLOW_UPTREND_BROKEN,-0.005940845322410876,0.0005338498902320862,0.0,-0.006474695212642962,-0.005940845322410876,-0.089026453782027,0.0,0.0,,DOWN_RET6_ATR|CLOSE_LT_EMA_FAST,0,0,0,1,SLOW_UP,UP,WEAK,EARLY,NONE,NONE,0,CLOSE_SLOW_UPTREND_BROKEN,PROBATION,0
2026-02-23 02:00:00+00:00,2026-02-23 07:00:00+00:00,SHORT,64374.32256,65717.7,0.06,0.06,0,5,OPEN_SHORT_CRASH,CLOSE_HARD_STOP,-0.0250418624055808,0.00047999999999999996,0.0,-0.0255218624055808,-0.0250418624055808,-0.4173643734263467,0.0,0.0,DOWN_RET6_ATR|CLOSE_LT_EMA_FAST|EMA_FAST_LT_EMA_SLOW,DOWN_RET6_ATR|CLOSE_LT_EMA_FAST|EMA_FAST_LT_EMA_SLOW,0,0,1,0,CRASH,DOWN,STRONG,EARLY,DOWN,CONTINUATION,0,,PROBATION,0
2026-02-25 16:00:00+00:00,2026-02-26 16:00:00+00:00,LONG,67375.87247999999,67353.3,0.038,0.038,0,24,UPGRADE_SLOW_LONG_TO_TREND,CLOSE_SLOW_UPTREND_BROKEN,-0.00025461762747611507,0.000304,0.0,-0.0005586176274761151,-0.00025461762747611507,-0.006700463880950397,0.0,0.0,,DOWN_RET6_ATR|CLOSE_LT_EMA_FAST,0,0,0,1,TREND,UP,STRONG,EARLY,NONE,NONE,1,CLOSE_SLOW_UPTREND_BROKEN,TREND,0
2026-02-27 04:00:00+00:00,2026-02-27 10:00:00+00:00,LONG,67570.91148,67318.3,0.11367678493261336,0.11367678493261336,2,6,OPEN_LONG_SIGNAL,CLOSE_LONG_DOWNTREND_CONFIRMED,-0.008499533380415572,0.000909414279460907,0.0,-0.009408947659876479,-0.008499533380415572,-0.0747692977546297,0.0,0.0,EMA_FAST_LT_EMA_SLOW,CLOSE_LT_EMA_FAST|EMA_FAST_LT_EMA_SLOW,0,0,0,0,NORMAL,NONE,NONE,NONE,NONE,NONE,0,CLOSE_LONG_DOWNTREND_CONFIRMED,NONE,0
2026-02-28 08:00:00+00:00,2026-02-28 14:00:00+00:00,SHORT,63774.64252,65069.5,0.06,0.06,0,6,OPEN_SHORT_CRASH,CLOSE_HARD_STOP,-0.024364369827909443,0.00047999999999999996,0.0,-0.024844369827909444,-0.024364369827909443,-0.4060728304651574,0.0,0.0,DOWN_RET6_ATR|CLOSE_LT_EMA_FAST|EMA_FAST_LT_EMA_SLOW,EMA_FAST_LT_EMA_SLOW,0,0,1,0,CRASH,DOWN,NORMAL,EARLY,NONE,NONE,0,,PROBATION,0
2026-03-04 11:00:00+00:00,2026-03-05 17:00:00+00:00,LONG,71325.06216,71267.9,0.038,0.038,0,30,UPGRADE_SLOW_LONG_TO_TREND,CLOSE_SLOW_UPTREND_BROKEN,-0.0006090880299907954,0.000304,0.0,-0.0009130880299907954,-0.0006090880299907954,-0.016028632368178825,0.0,0.0,,DOWN_RET6_ATR|CLOSE_LT_EMA_FAST,0,0,0,1,TREND,UP,NORMAL,EARLY,DOWN,EARLY,1,CLOSE_SLOW_UPTREND_BROKEN,PROTECT_PROFIT,0
2026-03-06 15:00:00+00:00,2026-03-07 03:00:00+00:00,SHORT,68354.02646,68320.0,0.11183596089482306,0.11183596089482306,2,12,OPEN_SHORT_CRASH,CLOSE_CRASH_FAILED,0.001113433120776117,0.0008946876871585845,0.0,0.0002187454336175325,0.001113433120776117,0.009955948979803135,0.0,0.0,DOWN_RET6_ATR|CLOSE_LT_EMA_FAST|EMA_FAST_LT_EMA_SLOW,EMA_FAST_LT_EMA_SLOW,0,0,1,0,CRASH,DOWN,NORMAL,EARLY,NONE,NONE,0,,PROBATION,0
2026-03-09 20:00:00+00:00,2026-03-10 23:00:00+00:00,LONG,68965.59036,69653.9,0.04,0.04,0,27,UPGRADE_SLOW_LONG_TO_TREND,CLOSE_SLOW_UPTREND_BROKEN,0.007984383358796985,0.00032,0.0,0.007664383358796985,0.007984383358796985,0.19960958396992462,0.0,0.0,,DOWN_RET6_ATR|CLOSE_LT_EMA_FAST,0,0,0,1,TREND,UP,WEAK,EARLY,NONE,NONE,1,CLOSE_SLOW_UPTREND_BROKEN,TREND,0
2026-03-13 09:00:00+00:00,2026-03-13 19:00:00+00:00,LONG,71804.358,71020.0,0.038,0.038,0,10,UPGRADE_SLOW_LONG_TO_TREND,CLOSE_SLOW_UPTREND_BROKEN,-0.008301892762553418,0.000304,0.0,-0.008605892762553418,-0.008301892762553418,-0.21847086217245837,0.0,0.0,,DOWN_RET6_ATR|CLOSE_LT_EMA_FAST,0,0,0,1,TREND,UP,NORMAL,CONTINUATION,NONE,NONE,1,CLOSE_SLOW_UPTREND_BROKEN,PROTECT_PROFIT,0
2026-03-14 05:00:00+00:00,2026-03-14 13:00:00+00:00,LONG,71010.49926,70733.5,0.030733618512749673,0.030733618512749673,2,8,OPEN_LONG_SIGNAL,CLOSE_MAX_HOLD_BARS,-0.0023977270048428792,0.00024586894810199735,0.0,-0.0026435959529448765,-0.0023977270048428792,-0.07801642373637831,0.0,0.0,EMA_FAST_LT_EMA_SLOW,EMA_FAST_LT_EMA_SLOW,0,0,0,0,NORMAL,NONE,NONE,NONE,NONE,NONE,0,,NONE,0
2026-03-15 22:00:00+00:00,2026-03-17 11:00:00+00:00,LONG,72089.01492,73705.8,0.027999999999999997,0.027999999999999997,0,37,UPGRADE_SLOW_LONG_TO_TREND,CLOSE_SLOW_UPTREND_BROKEN,0.012559467566657113,0.00022399999999999997,0.0,0.012335467566657113,0.012559467566657113,0.44855241309489696,0.0,0.0,,CLOSE_LT_EMA_FAST,0,0,0,1,TREND,UP,WEAK,EARLY,NONE,NONE,1,CLOSE_SLOW_UPTREND_BROKEN,RUNNER,1
2026-03-18 14:00:00+00:00,2026-03-19 04:00:00+00:00,SHORT,72090.0791,71180.0,0.0854663847386837,0.0854663847386837,1,14,OPEN_SHORT_CRASH,CLOSE_CRASH_FAILED,0.02157888338431168,0.0006837310779094697,0.0,0.02089515230640221,0.02157888338431168,0.25248386778368864,0.0,0.0,DOWN_RET6_ATR|CLOSE_LT_EMA_FAST|EMA_FAST_LT_EMA_SLOW,EMA_FAST_LT_EMA_SLOW,0,0,1,0,CRASH,DOWN,NORMAL,EARLY,NONE,NONE,0,,PROBATION,0
2026-03-24 08:00:00+00:00,2026-03-24 14:00:00+00:00,LONG,71269.45104,70067.0,0.04,0.04,0,6,OPEN_LONG_SLOW_TREND,CLOSE_HARD_STOP,-0.013497519876505,0.00032,0.0,-0.013817519876505,-0.013497519876505,-0.337437996912625,0.0,0.0,,DOWN_RET6_ATR|CLOSE_LT_EMA_FAST,0,0,0,1,SLOW_UP,UP,WEAK,EARLY,NONE,NONE,0,,PROBATION,0
2026-03-27 11:00:00+00:00,2026-03-28 00:00:00+00:00,SHORT,66443.10871999999,66364.1,0.06,0.06,0,13,OPEN_SHORT_CRASH,CLOSE_CRASH_FAILED,0.0014269420234312622,0.00047999999999999996,0.0,0.0009469420234312622,0.0014269420234312622,0.023782367057187705,0.0,0.0,DOWN_RET6_ATR|CLOSE_LT_EMA_FAST|EMA_FAST_LT_EMA_SLOW,EMA_FAST_LT_EMA_SLOW,0,0,1,0,CRASH,DOWN,STRONG,EARLY,NONE,NONE,0,,PROBATION,0
2026-04-01 17:00:00+00:00,2026-04-02 02:00:00+00:00,LONG,68794.85622,67316.4,0.04,0.04,0,9,OPEN_LONG_SLOW_TREND,CLOSE_HARD_STOP,-0.01719263678984408,0.00032,0.0,-0.01751263678984408,-0.01719263678984408,-0.429815919746102,0.0,0.0,,DOWN_RET6_ATR|CLOSE_LT_EMA_FAST,0,0,0,1,SLOW_UP,UP,WEAK,EARLY,NONE,NONE,0,,PROBATION,0
2026-04-06 08:00:00+00:00,2026-04-07 00:00:00+00:00,LONG,69103.61796,68817.9,0.038,0.038,0,16,UPGRADE_SLOW_LONG_TO_TREND,CLOSE_SLOW_UPTREND_BROKEN,-0.003142319548676882,0.000304,0.0,-0.003446319548676882,-0.003142319548676882,-0.08269261970202321,0.0,0.0,,DOWN_RET6_ATR|CLOSE_LT_EMA_FAST,0,0,0,1,TREND,UP,STRONG,CONTINUATION,NONE,NONE,1,CLOSE_SLOW_UPTREND_BROKEN,PROTECT_PROFIT,0
2026-04-07 18:00:00+00:00,2026-04-08 01:00:00+00:00,LONG,68683.83402000001,71681.9,0.055053514242172245,0.055053514242172245,2,7,OPEN_LONG_SIGNAL,CLOSE_CONTINUE_SIGNAL_FAILED,0.048061984449161425,0.0004404281139373779,0.0,0.047621556335224045,0.048061984449161425,0.8730048410305632,0.0,0.0,EMA_FAST_LT_EMA_SLOW,,0,0,0,0,NORMAL,NONE,NONE,NONE,UP,EARLY,0,,NONE,0
2026-04-09 01:00:00+00:00,2026-04-09 09:00:00+00:00,LONG,70793.1558,71207.5,0.11226618215441704,0.11226618215441704,2,8,OPEN_LONG_SIGNAL,CLOSE_MAX_HOLD_BARS,0.013141621080784472,0.0008981294572353363,0.0,0.012243491623549136,0.013141621080784472,0.11705770008913965,0.0,0.0,CLOSE_LT_EMA_FAST,,0,0,0,0,NORMAL,DOWN,WEAK,EARLY,NONE,NONE,0,,NONE,0
2026-04-10 15:00:00+00:00,2026-04-11 15:00:00+00:00,LONG,72885.17412000001,72660.8,0.04,0.04,0,24,OPEN_LONG_SLOW_TREND,CLOSE_SLOW_UPTREND_BROKEN,-0.0024627682950235383,0.00032,0.0,-0.0027827682950235383,-0.0024627682950235383,-0.06156920737558846,0.0,0.0,,CLOSE_LT_EMA_FAST,0,0,0,1,SLOW_UP,UP,NORMAL,EARLY,NONE,NONE,0,CLOSE_SLOW_UPTREND_BROKEN,PROBATION,0
2026-04-14 06:00:00+00:00,2026-04-15 00:00:00+00:00,LONG,74199.3369,74106.9,0.04,0.04,0,18,UPGRADE_SLOW_LONG_TO_TREND,CLOSE_SLOW_UPTREND_BROKEN,-0.0009966331653295476,0.00032,0.0,-0.0013166331653295476,-0.0009966331653295476,-0.024915829133238688,0.0,0.0,,CLOSE_LT_EMA_FAST,0,0,0,1,TREND,UP,NORMAL,CONTINUATION,NONE,NONE,1,CLOSE_SLOW_UPTREND_BROKEN,TREND,0
2026-04-17 03:00:00+00:00,2026-04-17 11:00:00+00:00,LONG,74685.4341,75229.6,0.11646810397505761,0.11646810397505761,2,8,OPEN_LONG_SIGNAL,CLOSE_MAX_HOLD_BARS,0.016971976231944172,0.0009317448318004608,0.0,0.016040231400143712,0.016971976231944172,0.14572209603050487,0.0,0.0,CLOSE_LT_EMA_FAST,,0,0,0,0,NORMAL,NONE,NONE,NONE,NONE,NONE,0,,NONE,0
2026-04-17 15:00:00+00:00,2026-04-18 10:00:00+00:00,LONG,77840.66502,76557.1,0.0651767061650753,0.0651767061650753,1,19,OPEN_LONG_SLOW_TREND,CLOSE_HARD_STOP,-0.021494816399837753,0.0005214136493206025,0.0,-0.022016230049158356,-0.021494816399837753,-0.3297929224192012,0.0,0.0,,CLOSE_LT_EMA_FAST,0,0,0,1,SLOW_UP,UP,STRONG,EARLY,DOWN,EARLY,0,,PROBATION,0
2026-04-21 09:00:00+00:00,2026-04-21 18:00:00+00:00,LONG,76477.69248,75515.9,0.04,0.04,0,9,OPEN_LONG_SLOW_TREND,CLOSE_HARD_STOP,-0.010060894347737034,0.00032,0.0,-0.010380894347737035,-0.010060894347737034,-0.2515223586934259,0.0,0.0,,DOWN_RET6_ATR|CLOSE_LT_EMA_FAST,0,0,0,1,SLOW_UP,UP,WEAK,EARLY,NONE,NONE,0,,PROBATION,0
2026-04-21 19:00:00+00:00,2026-04-22 03:00:00+00:00,LONG,75578.21262,77568.0,0.0840916246175766,0.0840916246175766,2,8,OPEN_LONG_SIGNAL,CLOSE_MAX_HOLD_BARS,0.04427848916434212,0.0006727329969406127,0.0,0.043605756167401505,0.04427848916434212,0.5265505258782591,0.0,0.0,CLOSE_LT_EMA_FAST,,0,0,0,0,NORMAL,NONE,NONE,NONE,UP,EARLY,0,,NONE,0
2026-04-22 17:00:00+00:00,2026-04-23 04:00:00+00:00,LONG,78720.84102,77704.3,0.06548453211784364,0.06548453211784364,1,11,OPEN_LONG_SLOW_TREND,CLOSE_SLOW_UPTREND_BROKEN,-0.016912348041704345,0.0005238762569427491,0.0,-0.017436224298647093,-0.016912348041704345,-0.2582647763485503,0.0,0.0,,DOWN_RET6_ATR|CLOSE_LT_EMA_FAST,0,0,0,1,SLOW_UP,UP,NORMAL,CONTINUATION,NONE,NONE,0,CLOSE_SLOW_UPTREND_BROKEN,PROBATION,0
2026-04-23 13:00:00+00:00,2026-04-23 21:00:00+00:00,LONG,77842.36536,77841.3,0.010325369518250228,0.010325369518250228,2,8,OPEN_LONG_SIGNAL,CLOSE_MAX_HOLD_BARS,-2.8262850490269846e-06,8.260295614600183e-05,0.0,-8.542924119502882e-05,-2.8262850490269846e-06,-0.00027372241197096993,0.0,0.0,CLOSE_LT_EMA_FAST,EMA_FAST_LT_EMA_SLOW,0,0,0,0,NORMAL,NONE,NONE,NONE,NONE,NONE,0,,NONE,0
2026-04-23 22:00:00+00:00,2026-04-24 06:00:00+00:00,LONG,77835.0639,77911.1,0.014033173583447934,0.014033173583447934,2,8,OPEN_LONG_SIGNAL,CLOSE_MAX_HOLD_BARS,0.00027417663362606297,0.00011226538866758347,0.0,0.0001619112449584795,0.00027417663362606297,0.019537749746746744,0.0,0.0,EMA_FAST_LT_EMA_SLOW,EMA_FAST_LT_EMA_SLOW,0,0,0,0,NORMAL,NONE,NONE,NONE,NONE,NONE,0,,NONE,0
2026-04-26 19:00:00+00:00,2026-04-27 06:00:00+00:00,LONG,78253.74762000001,77730.5,0.04,0.04,0,11,UPGRADE_SLOW_LONG_TO_TREND,CLOSE_HARD_STOP,-0.005349240243837504,0.00032,0.0,-0.005669240243837504,-0.005349240243837504,-0.1337310060959376,0.0,0.0,,DOWN_RET6_ATR|CLOSE_LT_EMA_FAST,0,0,0,1,TREND,UP,WEAK,EARLY,NONE,NONE,1,,TREND,0
2026-04-27 07:00:00+00:00,2026-04-27 09:00:00+00:00,SHORT,77642.36842,77763.4,0.06,0.06,0,2,OPEN_SHORT_CRASH,CLOSE_CRASH_FAILED,-0.0018706010514045878,0.00047999999999999996,0.0,-0.002350601051404588,-0.0018706010514045878,-0.031176684190076465,0.0,0.0,DOWN_RET6_ATR|CLOSE_LT_EMA_FAST,DOWN_RET6_ATR|CLOSE_LT_EMA_FAST,0,0,1,0,CRASH,NONE,WEAK,NONE,NONE,NONE,0,,PROBATION,0
2026-04-29 06:00:00+00:00,2026-04-29 07:00:00+00:00,SHORT,77239.24906,76978.5,0.05958960801362992,0.05958960801362992,0,1,OPEN_SHORT_SIGNAL,CLOSE_REVERSE_SIGNAL,0.0040233260847092394,0.0004767168641090393,0.0,0.0035466092206002,0.0040233260847092394,0.06751724367424912,0.0,0.0,,,0,0,0,0,NORMAL,NONE,WEAK,NONE,UP,REVERSAL_RISK,0,,NONE,0
2026-04-29 16:00:00+00:00,2026-04-30 01:00:00+00:00,SHORT,75873.92218000001,76199.1,0.06,0.06,0,9,OPEN_SHORT_CRASH,CLOSE_CRASH_FAILED,-0.005142918314862796,0.00047999999999999996,0.0,-0.005622918314862797,-0.005142918314862796,-0.08571530524771327,0.0,0.0,DOWN_RET6_ATR|CLOSE_LT_EMA_FAST,EMA_FAST_LT_EMA_SLOW,0,0,1,0,CRASH,NONE,WEAK,NONE,NONE,NONE,0,,PROBATION,0
2026-05-01 14:00:00+00:00,2026-05-01 21:00:00+00:00,LONG,78707.03826,77838.1,0.04,0.04,0,7,OPEN_LONG_SLOW_TREND,CLOSE_HARD_STOP,-0.008832127639000252,0.00032,0.0,-0.009152127639000253,-0.008832127639000252,-0.2208031909750063,0.0,0.0,,CLOSE_LT_EMA_FAST,0,0,0,1,SLOW_UP,UP,STRONG,ACCELERATION,NONE,NONE,0,,PROBATION,0
2026-05-01 22:00:00+00:00,2026-05-03 03:00:00+00:00,LONG,78179.43276,78131.4,0.038,0.038,0,29,UPGRADE_SLOW_LONG_TO_TREND,CLOSE_SLOW_UPTREND_BROKEN,-0.0004669373556606171,0.000304,0.0,-0.0007709373556606171,-0.0004669373556606171,-0.01228782514896361,0.0,0.0,,CLOSE_LT_EMA_FAST,0,0,0,1,TREND,UP,NORMAL,CONTINUATION,NONE,NONE,1,CLOSE_SLOW_UPTREND_BROKEN,PROTECT_PROFIT,0
2026-05-03 21:00:00+00:00,2026-05-04 12:00:00+00:00,LONG,78904.7778,78753.5,0.038,0.038,0,15,UPGRADE_SLOW_LONG_TO_TREND,CLOSE_SLOW_UPTREND_BROKEN,-0.0014570870257237722,0.000304,0.0,-0.0017610870257237722,-0.0014570870257237722,-0.03834439541378348,0.0,0.0,,DOWN_RET6_ATR|CLOSE_LT_EMA_FAST,0,0,0,1,TREND,UP,WEAK,EARLY,NONE,NONE,1,CLOSE_SLOW_UPTREND_BROKEN,PROTECT_PROFIT,0
2026-05-05 01:00:00+00:00,2026-05-06 19:00:00+00:00,LONG,80146.92618,81300.0,0.027999999999999997,0.027999999999999997,0,42,UPGRADE_SLOW_LONG_TO_TREND,CLOSE_SLOW_UPTREND_BROKEN,0.008056719951427621,0.00022399999999999997,0.0,0.00783271995142762,0.008056719951427621,0.2877399982652722,0.0,0.0,,DOWN_RET6_ATR|CLOSE_LT_EMA_FAST,0,0,0,1,TREND,UP,NORMAL,EARLY,NONE,NONE,1,CLOSE_SLOW_UPTREND_BROKEN,RUNNER,1
2026-05-09 18:00:00+00:00,2026-05-11 05:00:00+00:00,LONG,80781.95316,80782.2,0.038,0.038,0,35,UPGRADE_SLOW_LONG_TO_TREND,CLOSE_SLOW_UPTREND_BROKEN,2.3222810622410655e-06,0.000304,0.0,-0.00030167771893775897,2.3222810622410655e-06,6.111265953265961e-05,0.0,0.0,,DOWN_RET6_ATR|CLOSE_LT_EMA_FAST,0,0,0,1,TREND,UP,WEAK,EARLY,NONE,NONE,1,CLOSE_SLOW_UPTREND_BROKEN,TREND,0
2026-05-13 14:00:00+00:00,2026-05-14 01:00:00+00:00,SHORT,79601.87644000001,79540.1,0.06,0.06,0,11,OPEN_SHORT_CRASH,CLOSE_REVERSE_SIGNAL,0.0009312811621454503,0.00047999999999999996,0.0,0.0004512811621454504,0.0009312811621454503,0.015521352702424173,0.0,0.0,DOWN_RET6_ATR|CLOSE_LT_EMA_FAST|EMA_FAST_LT_EMA_SLOW,EMA_FAST_LT_EMA_SLOW,0,0,1,0,CRASH,DOWN,NORMAL,EARLY,DOWN,CONTINUATION,0,,PROBATION,0
2026-05-16 01:00:00+00:00,2026-05-16 03:00:00+00:00,LONG,79091.41512,79113.9,0.08634083122015,0.08634083122015,1,2,OPEN_LONG_SIGNAL,CLOSE_REVERSE_SIGNAL,0.0004909162963234086,0.0006907266497612,0.0,-0.00019981035343779143,0.0004909162963234086,0.005685795346024418,0.0,0.0,EMA_FAST_LT_EMA_SLOW,EMA_FAST_LT_EMA_SLOW,0,0,0,0,NORMAL,NONE,WEAK,NONE,NONE,NONE,0,,NONE,0
2026-05-18 02:00:00+00:00,2026-05-18 12:00:00+00:00,SHORT,77069.0831,77255.1,0.06,0.06,0,10,OPEN_SHORT_CRASH,CLOSE_CRASH_FAILED,-0.002896366104555392,0.00047999999999999996,0.0,-0.003376366104555392,-0.002896366104555392,-0.04827276840925654,0.0,0.0,DOWN_RET6_ATR|CLOSE_LT_EMA_FAST|EMA_FAST_LT_EMA_SLOW,EMA_FAST_LT_EMA_SLOW,0,0,1,0,CRASH,DOWN,WEAK,EARLY,NONE,NONE,0,,PROBATION,0
2026-05-21 02:00:00+00:00,2026-05-21 11:00:00+00:00,LONG,77833.66362,77172.6,0.04,0.04,0,9,OPEN_LONG_SLOW_TREND,CLOSE_SLOW_UPTREND_BROKEN,-0.006794629359629784,0.00032,0.0,-0.007114629359629784,-0.006794629359629784,-0.1698657339907446,0.0,0.0,,DOWN_RET6_ATR|CLOSE_LT_EMA_FAST,0,0,0,1,SLOW_UP,UP,STRONG,EARLY,NONE,NONE,0,CLOSE_SLOW_UPTREND_BROKEN,PROBATION,0
2026-05-24 22:00:00+00:00,2026-05-25 06:00:00+00:00,LONG,76121.12117999999,77369.9,0.1138995960354805,0.1138995960354805,2,8,OPEN_LONG_SIGNAL,CLOSE_MAX_HOLD_BARS,0.03737081139394348,0.000911196768283844,0.0,0.036459614625659637,0.03737081139394348,0.32810310742719595,0.0,0.0,CLOSE_LT_EMA_FAST,,0,0,0,0,NORMAL,DOWN,WEAK,REVERSAL_RISK,UP,EARLY,0,,NONE,0
2026-05-25 15:00:00+00:00,2026-05-26 01:00:00+00:00,LONG,77691.93527999999,76750.1,0.02,0.02,0,10,OPEN_LONG_SLOW_TREND,CLOSE_HARD_STOP,-0.004849076170419139,0.00016,0.0,-0.005009076170419139,-0.004849076170419139,-0.24245380852095694,0.0,0.0,,DOWN_RET6_ATR|CLOSE_LT_EMA_FAST,0,0,0,1,SLOW_UP,UP,NORMAL,EARLY,NONE,NONE,0,,PROBATION,0
2026-05-31 04:00:00+00:00,2026-05-31 15:00:00+00:00,LONG,74122.3215,73570.2,0.09093108862638474,0.09093108862638474,2,11,OPEN_LONG_SLOW_TREND,CLOSE_HARD_STOP,-0.013546529043625069,0.0007274487090110779,0.0,-0.014273977752636146,-0.013546529043625069,-0.14897577108402044,0.0,0.0,,DOWN_RET6_ATR|CLOSE_LT_EMA_FAST,0,0,0,1,SLOW_UP,UP,WEAK,EARLY,DOWN,REVERSAL_RISK,0,,PROBATION,0
2026-06-01 15:00:00+00:00,2026-06-02 21:00:00+00:00,SHORT,71534.1903,67556.0,0.06,0.06,0,30,OPEN_SHORT_CRASH,CLOSE_CRASH_MAX_HOLD_BARS,0.0667349185051166,0.00047999999999999996,0.0,0.06625491850511661,0.0667349185051166,1.1122486417519435,0.0,0.0,DOWN_RET6_ATR|CLOSE_LT_EMA_FAST|EMA_FAST_LT_EMA_SLOW,CLOSE_LT_EMA_FAST|EMA_FAST_LT_EMA_SLOW,0,0,1,0,CRASH,DOWN,NORMAL,CONTINUATION,DOWN,CONTINUATION,0,,PROBATION,0
2026-06-04 01:00:00+00:00,2026-06-04 05:00:00+00:00,SHORT,63301.837100000004,64363.9,0.06,0.06,0,4,OPEN_SHORT_CRASH,CLOSE_HARD_STOP,-0.020133309527599733,0.00047999999999999996,0.0,-0.020613309527599735,-0.020133309527599733,-0.3355551587933289,0.0,0.0,DOWN_RET6_ATR|CLOSE_LT_EMA_FAST|EMA_FAST_LT_EMA_SLOW,CLOSE_LT_EMA_FAST|EMA_FAST_LT_EMA_SLOW,0,0,1,0,CRASH,DOWN,STRONG,ACCELERATION,DOWN,EARLY,0,,PROBATION,0
2026-06-08 00:00:00+00:00,2026-06-09 01:00:00+00:00,LONG,63311.6598,62522.6,0.04,0.04,0,25,OPEN_LONG_SLOW_TREND,CLOSE_SLOW_UPTREND_BROKEN,-0.00997048319368184,0.00032,0.0,-0.010290483193681841,-0.00997048319368184,-0.24926207984204599,0.0,0.0,,DOWN_RET6_ATR|CLOSE_LT_EMA_FAST,0,0,0,1,SLOW_UP,UP,WEAK,EARLY,NONE,NONE,0,CLOSE_SLOW_UPTREND_BROKEN,PROBATION,0
2026-06-13 22:00:00+00:00,2026-06-14 16:00:00+00:00,LONG,64448.08704,63995.2,0.06598014399409294,0.06598014399409294,1,18,OPEN_LONG_SLOW_TREND,CLOSE_SLOW_UPTREND_BROKEN,-0.00927306099674068,0.0005278411519527435,0.0,-0.009800902148693422,-0.00927306099674068,-0.14054320641632545,0.0,0.0,,DOWN_RET6_ATR|CLOSE_LT_EMA_FAST,0,0,0,1,SLOW_UP,UP,NORMAL,EARLY,NONE,NONE,0,CLOSE_SLOW_UPTREND_BROKEN,PROBATION,0
2026-06-15 15:00:00+00:00,2026-06-16 03:00:00+00:00,LONG,66565.71048,65714.0,0.04,0.04,0,12,UPGRADE_SLOW_LONG_TO_TREND,CLOSE_HARD_STOP,-0.010236026613202245,0.00032,0.0,-0.010556026613202246,-0.010236026613202245,-0.2559006653300561,0.0,0.0,,DOWN_RET6_ATR|CLOSE_LT_EMA_FAST,0,0,0,1,TREND,UP,NORMAL,EARLY,NONE,NONE,1,,TREND,0
2026-06-17 18:00:00+00:00,2026-06-19 18:00:00+00:00,SHORT,66059.88538,63166.6,0.05491628440096974,0.05491628440096974,2,48,OPEN_SHORT_SIGNAL,CLOSE_TREND_MAX_HOLD_BARS,0.04810437737433696,0.00043933027520775793,0.0,0.0476650470991292,0.04810437737433696,0.8759583409377112,0.0,0.0,EMA_FAST_LT_EMA_SLOW,EMA_FAST_LT_EMA_SLOW,0,0,0,0,TREND,NONE,NONE,NONE,NONE,NONE,0,CLOSE_TREND_MAX_HOLD_BARS,RUNNER,1
2026-06-20 16:00:00+00:00,2026-06-21 22:00:00+00:00,LONG,64152.22788,63778.1,0.06770545706152917,0.06770545706152917,1,30,OPEN_LONG_SLOW_TREND,CLOSE_SLOW_UPTREND_BROKEN,-0.00789699748611784,0.0005416436564922334,0.0,-0.008438641142610073,-0.00789699748611784,-0.11663753305647474,0.0,0.0,,DOWN_RET6_ATR|CLOSE_LT_EMA_FAST,0,0,0,1,SLOW_UP,UP,WEAK,EARLY,NONE,NONE,0,CLOSE_SLOW_UPTREND_BROKEN,PROBATION,0
